ID đơn,Order ID,Sàn,Game,Sản phẩm/Mã,Số lượng,Khách hàng,Doanh thu,Phí sàn,DThu thực nhận,Acc Title,SKU/IDKey,Acc Qty,Người tạo,Người xử lý,Ngày tạo,Ngày hoàn tất,Dịch vụ,Trạng thái,Loại đơn,Code,Request ID,Nguồn,Giá vốn,Nhãn nguồn,SKU,Giá vốn (auto/thủ công),Người xử lý (Daily),Trạng thái hàng trong đơn,Đơn extra (đơn bù) gắn kèm,Đơn gốc của đơn extra
8749747,1785545359384TQ4L-1,G1,Steam - Gift Card,Steam Wallet 10 USD Global,1,1004161662,"23,35","1,17","22,18",,2PGSWCSZ6C,1,API,,2026-08-01 07:49:20,2026-08-01 09:08:13,Gift Card,Hoàn Tất,Tự động,H84K5-X08M0-I649V,"""203178555007969895",,"10,02",GIFTCARD,2PGSWCSZ6C,Tự động,,Hoàn Tất,,
8749395,1785529106304M6TM-1,G1,Valorant,EU 2575 Valorant Points EU - 25 EUR,1,1000815363,"33,8","2,03","31,77",,2GGVGCNWWM,1,API,,2026-08-01 03:18:27,2026-08-01 09:10:51,Gift Card,Hoàn Tất,Tự động,RA-YDRAYRKCN33TMH9J,"""203178555024056311",,"25,32",GIFTCARD,2GGVGCNWWM,Tự động,,Hoàn Tất,,
8749475,1785533004327FRR5-1,G1,Steam - Gift Card,Steam Wallet Code 25 USD (Global),1,1001216111,30,"1,8","28,2",,2PGSWCP0V1,1,API,,2026-08-01 04:23:25,2026-08-01 09:16:11,Gift Card,Hoàn Tất,Tự động,NPQJW-PLL6K-RFR2A--42E03-HJIJA-I4YPG,"""203178555056557660",,"25,3",GIFTCARD,2PGSWCP0V1,Tự động,,Hoàn Tất,,
8749785,1785547547715L6T5-1,G1,Rewarble - Gift Card,Rewarble Gift Cards USD 100 (Global),2,5805060,250,"12,47","237,53",,2PGRGCNHTT,1,API,anhnqv,2026-08-01 08:25:48,2026-08-01 10:24:22,Gift Card,Hoàn Tất,Tự động,NAI7IXBT7RDBS5FS,"""211178555465617208",,"107,72",GIFTCARD,2PGRGCNHTT,Tự động,,Hoàn Tất,,
8749785,1785547547715L6T5-1,G1,Rewarble - Gift Card,Rewarble Gift Cards USD 100 (Global),2,5805060,0,0,0,,2PGRGCNHTT,1,API,anhnqv,2026-08-01 08:25:48,2026-08-01 10:24:22,Gift Card,Hoàn Tất,Tự động,R1A7MQ3ERH34AVY5,"""211178555465631436",,"107,72",GIFTCARD,2PGRGCNHTT,Tự động,,Đã up code,,
8735010,1785452165480HYRA-1,G1,Valorant,EU 2575 Valorant Points EU - 25 EUR,1,1002890911,"33,8","1,69","32,11",,2GGVGCNWWM,1,API,,2026-07-31 05:56:06,2026-08-01 11:12:30,Gift Card,Hoàn Tất,Tự động,RA-WM2579HHNJHL7WM9,"""211178555754042198",,"25,32",GIFTCARD,2GGVGCNWWM,Tự động,,Hoàn Tất,,
8750179,1785560382522FB0H-1,G1,Amazon - Gift Card,Amazon Gift Card USD 15 (US),1,1001452561,"27,99","1,4","26,59",,2PGAGC3IFF,1,API,,2026-08-01 11:59:43,2026-08-01 13:03:46,Gift Card,Hoàn Tất,Tự động,YX62HBFU9DW7A4,"""203178556421816364",,"13,35",GIFTCARD,2PGAGC3IFF,Tự động,,Hoàn Tất,,
8750927,1785581362929Q5IU-1,G1,Amazon - Gift Card,Amazon Gift Card USD 50 (US),1,4170643,"75,99","4,51","71,48",,2PGAGCDJW7,1,API,,2026-08-01 17:49:23,2026-08-01 18:04:40,Gift Card,Hoàn Tất,Tự động,JXQE-PDDM3C-BWAC,"""193178558227366203",,"47,59",GIFTCARD,2PGAGCDJW7,Tự động,,Hoàn Tất,,
8751017,1785583902578RN8Q-1,G1,PSN - Gift card,India PSN gift card India 3000 INR,1,1003048382,"47,5","2,37","45,13",,2PGPNGL6ZS,1,API,qtvlinhmp,2026-08-01 18:31:43,2026-08-01 19:32:55,Gift Card,Hoàn Tất,Tự động,RP8L-727K-T49X,"""193178558756271313",,"39,48",GIFTCARD,2PGPNGL6ZS,Tự động,,Hoàn Tất,,
8751158,1785588337981USVG-1,G1,Amazon - Gift Card,Amazon Gift Card USD 20 (US),1,4887381,"32,75","1,97","30,78",,2PGAGCQQNO,1,API,,2026-08-01 19:45:38,2026-08-01 20:08:20,Gift Card,Hoàn Tất,Tự động,Q72F-EQT8XB-Q3A3,"""193178558968675147",,"19,24",GIFTCARD,2PGAGCQQNO,Tự động,,Hoàn Tất,,
8749643,1785538859808RJ4C-1,G1,Touch ‘n Go Gift Card,Touch 'n Go eWallet Reload PIN worth MYR 200 (MY),1,1002637999,"60,11",3,"57,11",,2PGTGRYKZ9,1,API,,2026-08-01 06:01:00,2026-08-01 20:44:52,Gift Card,Hoàn Tất,Tự động,9724324877,"""211178559188492916",,"50,88",GIFTCARD,2PGTGRYKZ9,Tự động,,Hoàn Tất,,
8751280,1785590823307ZQ16-1,G1,Bit Cash,"BitCash Gift Card JPY 1,000 (JP)",1,1000678919,"7,6","0,38","7,22",,2PGBGCN2Y9,1,API,,2026-08-01 20:27:04,2026-08-01 20:46:20,Gift Card,Hoàn Tất,Tự động,はわほないによまちむけおめくさい,"""211178559197244177",,"6,6",GIFTCARD,2PGBGCN2Y9,Tự động,,Hoàn Tất,,
8758206,1785616971788GFUS-1,G1,LOL - League of Legends,Riot Points GC 10 Euro,1,8191626,"13,49","0,81","12,68",,2GGRPGGMK6,1,API,,2026-08-02 03:42:52,2026-08-02 09:42:12,Gift Card,Hoàn Tất,Tự động,RA-MPA6MCMU2ENRJ87Y,"""185178563852198476",,"11,42",GIFTCARD,2GGRPGGMK6,Tự động,,Hoàn Tất,,
8758160,1785615749049CXR6-1,G1,Valorant,EU 3650 Valorant Points EU - 35 EUR,1,1002302361,"46,7","2,92","43,78",,2GGVGC7976,1,API,qtvanhltv,2026-08-02 03:22:34,2026-08-02 09:55:15,Gift Card,Hoàn Tất,Tự động,RA-WUAKPG3NUZ7PMSTG,"""185178563930740957",,"33,89",GIFTCARD,2GGVGC7976,Tự động,,Hoàn Tất,,
8757823,1785606380936VNQC-1,G1,Valorant,NA 2575 Valorant Points NA- 25 USD Card,1,1004024146,"27,01","1,35","25,66",,2GGVGCO9SR,1,API,,2026-08-02 00:46:21,2026-08-02 12:16:17,Gift Card,Hoàn Tất,Tự động,RA-SK84K9AEX6QUUE9T,"""193178564776889197",,"22,91",GIFTCARD,2GGVGCO9SR,Tự động,,Hoàn Tất,,
8769062,1785659697132AZG0-1,G1,PayPal Top Up - Gift Card,Paypal Instant Top Up USA - 15 USD,1,1000885198,"19,2","0,96","18,24",,2PGPTUUM1L,1,API,qtvlinhmp,2026-08-02 15:34:58,2026-08-02 16:06:18,Gift Card,Hoàn Tất,Tự động,https://activatemycodes.com/MG1jaVo3dUZ1VlVMUGh2dDhVeEI2OVNZQ2pxbkp2cURqWXJjVkM1Mk43Nnk2Qzc4V3FteVVVN2N6WXFUNnA3Rg==,"""193178566157073654",,"16,52",GIFTCARD,2PGPTUUM1L,Tự động,,Hoàn Tất,,
8783741,1785675647559DGHD-1,G1,Amazon - Gift Card,Amazon Gift Card 200 USD,1,1003205849,205,"10,23","194,77",,2PGAGC3QKA,1,API,qtvlinhmp,2026-08-02 20:00:48,2026-08-02 20:47:15,Gift Card,Hoàn Tất,Tự động,AQSRF5EBUEHXMAA,"""193178567842719932",,"176,16",GIFTCARD,2PGAGC3QKA,Tự động,,Hoàn Tất,,
8783704,1785675219776J1AF-1,G1,Amazon - Gift Card,Amazon Gift Card USD 10 (US),1,5666587,"11,72","0,69","11,03",,2PGAGCU5SG,1,API,qtvlinhmp,2026-08-02 19:53:40,2026-08-02 20:55:00,Gift Card,Hoàn Tất,Tự động,LHZ3G98Q2ZUZAD,"""193178567889216868",,"9,24",GIFTCARD,2PGAGCU5SG,Tự động,,Hoàn Tất,,
8783778,1785676601183RAR8-1,G1,LOL - League of Legends,Riot Points GC 50 Euro,1,6855439,"67,19","4,02","63,17",,2GGRPGNVA4,1,API,qtvlinhmp,2026-08-02 20:16:42,2026-08-02 21:57:01,Gift Card,Hoàn Tất,Tự động,RA-RPV5QVZ6HPSJ4MKP,"""193178568261390963",,"57,07",GIFTCARD,2GGRPGNVA4,Tự động,,Hoàn Tất,,
8784027,1785681659888Y4BB-1,G1,Bit Cash,"BitCash Gift Card JPY 3,000 (JP)",1,6769187,"22,5","1,33","21,17",,2PGBGCUTIH,1,API,,2026-08-02 21:41:00,2026-08-02 22:11:42,Gift Card,Hoàn Tất,Tự động,こおめそけももちとやりきれにもえ,"""193178568349474794",,"19,78",GIFTCARD,2PGBGCUTIH,Tự động,,Hoàn Tất,,
8784786,1785706637835V9NW-1,G1,Rewarble - Gift Card,Rewarble Super 20 GBP,1,1003967576,33,"1,65","31,35",,2PGRSG84TG,1,API,,2026-08-03 04:37:18,2026-08-03 08:44:47,Gift Card,Hoàn Tất,Tự động,MFZ4H1F7GPLTNWKH,"""211178572147861592",,"28,81",GIFTCARD,2PGRSG84TG,Tự động,,Hoàn Tất,,
8784777,1785705673153LASB-1,G1,Steam - Gift Card,Steam Wallet 15 USD Global,1,1000000612,30,"1,5","28,5",,2PGSWCJIH9,1,API,,2026-08-03 04:21:14,2026-08-03 09:01:47,Gift Card,Hoàn Tất,Tự động,W57A6-I74N9-0R4Z5,"""211178572249940715",,"15,74",GIFTCARD,2PGSWCJIH9,Tự động,,Hoàn Tất,,
8784694,1785701122323N9G4-1,G1,RBL - Gift Card,RBL - Gift Card - 10 USD - Global,4,1001755463,"43,6","2,18","41,42",,2GGRGCQD0U,1,API,anhnqv,2026-08-03 03:05:23,2026-08-03 09:19:19,Gift Card,Hoàn Tất,Tự động,RIXNYJKC4D7VUXVMDM,"""211178572355168095",,"9,1",GIFTCARD,2GGRGCQD0U,Tự động,,Hoàn Tất,,
8784694,1785701122323N9G4-1,G1,RBL - Gift Card,RBL - Gift Card - 10 USD - Global,4,1001755463,0,0,0,,2GGRGCQD0U,1,API,anhnqv,2026-08-03 03:05:23,2026-08-03 09:19:19,Gift Card,Hoàn Tất,Tự động,RIWMKUAJJMDCA7FNBD,"""211178572355147090",,"9,1",GIFTCARD,2GGRGCQD0U,Tự động,,Đã up code,,
8784694,1785701122323N9G4-1,G1,RBL - Gift Card,RBL - Gift Card - 10 USD - Global,4,1001755463,0,0,0,,2GGRGCQD0U,1,API,anhnqv,2026-08-03 03:05:23,2026-08-03 09:19:19,Gift Card,Hoàn Tất,Tự động,RI7UFDDEN7HCP3VBN9,"""211178572355171565",,"9,1",GIFTCARD,2GGRGCQD0U,Tự động,,Đã up code,,
8784694,1785701122323N9G4-1,G1,RBL - Gift Card,RBL - Gift Card - 10 USD - Global,4,1001755463,0,0,0,,2GGRGCQD0U,1,API,anhnqv,2026-08-03 03:05:23,2026-08-03 09:19:19,Gift Card,Hoàn Tất,Tự động,RITJBWFWKAWMB4UTD8,"""211178572355197955",,"9,1",GIFTCARD,2GGRGCQD0U,Tự động,,Đã up code,,
8784964,1785712725547SD6Q-1,G1,PayPal Top Up - Gift Card,Paypal Wallet Top Up EUR 10 (Global),1,1002115921,"14,9","0,89","14,01",,2PGPTU8RSW,1,API,,2026-08-03 06:18:46,2026-08-03 09:20:35,Gift Card,Hoàn Tất,Tự động,https://activatemycodes.com/eVlZSkZrbzNjWnhlaGdIMDkwZDZsWVIwNkNUa2ZWN0orcW9rcDJMYUcyR3k2Qzc4V3FteVVVN2N6WXFUNnA3Rg==,"""211178572362931479",,"12,81",GIFTCARD,2PGPTU8RSW,Tự động,,Hoàn Tất,,
8784564,1785696362997GRDG-1,G1,LOL - League of Legends,Riot Points GC 20 Euro,1,1003600104,"26,9","1,6","25,3",,2GGRPGQTZG,1,API,anhnqv,2026-08-03 01:46:04,2026-08-03 09:49:46,Gift Card,Hoàn Tất,Tự động,RA-GRZJD2Q9WFARNRGV,"""211178572537828339",,"22,85",GIFTCARD,2GGRPGQTZG,Tự động,,Hoàn Tất,,
8784978,1785714322253XLBR-1,G1,Steam - Gift Card,Steam Wallet 10 USD Global,1,1003830379,"23,35","1,17","22,18",,2PGSWCSZ6C,1,API,,2026-08-03 06:45:23,2026-08-03 09:51:24,Gift Card,Hoàn Tất,Tự động,J26YJ-4J7NH-4GBFF,"""211178572547250238",,"10,02",GIFTCARD,2PGSWCSZ6C,Tự động,,Hoàn Tất,,
8785334,1785725529305P51N-1,G1,Amazon - Gift Card,Amazon Gift Card USD 10 (US),1,1001777325,"11,72","0,58","11,14",,2PGAGCU5SG,1,API,,2026-08-03 09:52:10,2026-08-03 10:06:48,Gift Card,Hoàn Tất,Tự động,AMRQ-MR9XDD-NZA2,"""211178572640176937",,"8,76",GIFTCARD,2PGAGCU5SG,Tự động,,Hoàn Tất,,
8785373,1785726890301B1PP-1,G1,Amazon - Gift Card,Amazon Gift Card USD 10 (US),1,1001777325,"11,72","0,58","11,14",,2PGAGCU5SG,1,API,,2026-08-03 10:14:51,2026-08-03 10:20:32,Gift Card,Hoàn Tất,Tự động,4U49-X9BED5-BYA6,"""211178572722482117",,"8,76",GIFTCARD,2PGAGCU5SG,Tự động,,Hoàn Tất,,
8785721,1785737954840FO1G-1,G1,Touch ‘n Go Gift Card,Touch 'n Go eWallet Reload PIN worth MYR 10 (MY),1,6351251,"3,01","0,15","2,86",,2PGTGRYOXL,1,API,,2026-08-03 13:19:15,2026-08-03 13:28:20,Gift Card,Hoàn Tất,Tự động,1094243753,"""203178573849620466",,"2,54",GIFTCARD,2PGTGRYOXL,Tự động,,Hoàn Tất,,
8784502,1785693676647MW3Z-1,G1,Rewarble - Gift Card,Rewarble PayPal 100 EUR,1,1003927591,289,"17,16","271,84",,2PGRPG41JN,1,API,qtvtrangdt1,2026-08-03 01:01:17,2026-08-03 13:41:45,Gift Card,Hoàn Tất,Tự động,1LV9FTGWH49DV5ZI,"""203178573929773809",,"119,66",GIFTCARD,2PGRPG41JN,Tự động,,Hoàn Tất,,
8785606,1785734423028U4R2-1,G1,Nintendo - Gift Card,Japan Nintendo eShop Gift Card 1000 Yen,1,1004255460,"9,5","0,47","9,03",,2PGNGC3MKP,1,API,,2026-08-03 12:20:24,2026-08-03 14:26:15,Gift Card,Hoàn Tất,Tự động,E1F5FYHKHB0TWPC9,"""203178574196337758",,"7,48",GIFTCARD,2PGNGC3MKP,Tự động,,Hoàn Tất,,
8785602,1785734345169CCEF-1,G1,Touch ‘n Go Gift Card,Touch 'n Go eWallet Reload PIN worth MYR 150 (MY),1,1002040648,"45,09","2,25","42,84",,2PGTGR4KKO,1,API,,2026-08-03 12:19:06,2026-08-03 14:40:26,Gift Card,Hoàn Tất,Tự động,8667035839,"""203178574281259838",,"38,12",GIFTCARD,2PGTGR4KKO,Tự động,,Hoàn Tất,,
8786792,1785764894832NMVJ-1,G1,Apple - Gift Card,US App Store / iTunes Gift Card 20 USD,1,1003470759,"21,5","1,07","20,43",,2PGAGC8JCQ,1,API,,2026-08-03 20:48:16,2026-08-03 21:06:07,Gift Card,Hoàn Tất,Tự động,XD5JTM9VGDNCMFLC,"""193178576595899515",,"19,13",GIFTCARD,2PGAGC8JCQ,Tự động,,Hoàn Tất,,
8788023,1785806321255RMY4-1,G1,Bit Cash,"BitCash Gift Card JPY 1,000 (JP)",1,1004258484,"7,6","0,38","7,22",,2PGBGCN2Y9,1,API,,2026-08-04 08:18:42,2026-08-04 09:21:37,Gift Card,Hoàn Tất,Tự động,こあつせそてむまゆつふさけたおむ,"""203178581009076059",,"6,6",GIFTCARD,2PGBGCN2Y9,Tự động,,Hoàn Tất,,
8787940,1785801926041FVHU-1,G1,Valorant,EU 5350 Valorant Points EU - 50 EUR,1,1003003632,61,"3,65","57,35",,2GGVGC47WF,1,API,qtvtrangdt1,2026-08-04 07:05:27,2026-08-04 09:24:41,Gift Card,Hoàn Tất,Tự động,RA-8RUPLRLF7E69HL5K,"""203178581027769442",,"50,12",GIFTCARD,2GGVGC47WF,Tự động,,Hoàn Tất,,
8788222,1785813217458KUSV-1,G1,Visa eReward Gift Card,Visa eReward Card USD 5 (US),1,1004258708,"6,4","0,32","6,08",,2PGVEGM282,1,API,,2026-08-04 10:13:38,2026-08-04 10:28:06,Gift Card,Hoàn Tất,Tự động,https://claims.storedvalue.com/claim/gift/6ed64e89-c5c9-4e26-9240-49a0fc7ad3aa/ICJJXQ5WWAVAAVReBVMDA0RVUAYfUEoWUEZSC1FQXlRdUkJMVglYUAkCElUJElEG0?lang=en-US,"""203178581407756692",,"5,27",GIFTCARD,2PGVEGM282,Tự động,,Hoàn Tất,,
8788394,1785817406622LDD2-1,G1,Rewarble - Gift Card,Rewarble Super 10 GBP,1,1003294110,"16,8","1,02","15,78",,2PGRSGJP8O,1,API,qtvtrangdt1,2026-08-04 11:23:27,2026-08-04 11:41:56,Gift Card,Hoàn Tất,Tự động,13NE76JD7KK5RDTI,"""203178581850872396",,"14,43",GIFTCARD,2PGRSGJP8O,Tự động,,Hoàn Tất,,
8788356,1785816080383ALZZ-1,G1,PayPal Top Up - Gift Card,Paypal Instant Top Up EU - 50 EUR,1,1003949378,"74,1","3,7","70,4",,2PGPTUZUS3,1,API,qtvtrangdt1,2026-08-04 11:01:21,2026-08-04 11:52:30,Gift Card,Hoàn Tất,Tự động,https://activatemycodes.com/UTAzUzNWSGRMU1YvWXdKM3lYNzBzQzdmUUhEQU5MU3VDZllqZEZTRi9YR3k2Qzc4V3FteVVVN2N6WXFUNnA3Rg==,"""203178581913944909",,"63,91",GIFTCARD,2PGPTUZUS3,Tự động,,Hoàn Tất,,
8787597,1785786710539UYQP-1,G1,Valorant,EU 2575 Valorant Points EU - 25 EUR,1,1002890911,"33,8","1,69","32,11",,2GGVGCNWWM,1,API,,2026-08-04 02:51:51,2026-08-04 11:53:47,Gift Card,Hoàn Tất,Tự động,RA-8BQB7NKHJXSTHTBW,"""203178581922021012",,"24,81",GIFTCARD,2GGVGCNWWM,Tự động,,Hoàn Tất,,
8788605,1785824015509WR3R-1,G1,Amazon - Gift Card,Amazon Gift Card USD 20 (US),1,5666587,"22,59","1,34","21,25",,2PGAGCQQNO,1,API,qtvtrangdt1,2026-08-04 13:13:36,2026-08-04 13:18:05,Gift Card,Hoàn Tất,Tự động,HHSE-QZ9AEW-2SAZ,"""203178582427728115",,"19,24",GIFTCARD,2PGAGCQQNO,Tự động,,Hoàn Tất,,
8788913,1785832287879EAQQ-1,G1,Rewarble - Gift Card,Rewarble PayPal10 USD,1,1003059025,"12,5","0,62","11,88",,2PGRPG64S3,1,API,,2026-08-04 15:31:28,2026-08-04 15:46:22,Gift Card,Hoàn Tất,Tự động,94T49NEHPHGD7QXC,"""203178583316960137",,"10,85",GIFTCARD,2PGRPG64S3,Tự động,,Hoàn Tất,,
8789217,1785841878939A0A9-1,G1,Rewarble - Gift Card,Rewarble Gift Card USD 20 (Global),1,1001919563,25,"1,25","23,75",,2PGRGCJ67F,1,API,,2026-08-04 18:11:20,2026-08-04 18:28:39,Gift Card,Hoàn Tất,Tự động,EZFBM1PVERY1NCYC,"""193178584291399011",,"20,76",GIFTCARD,2PGRGCJ67F,Tự động,,Hoàn Tất,,
8789032,1785836437348MA0F-1,G1,Rewarble - Gift Card,Rewarble Super Gift Cards 1 GBP,1,1002556227,"8,5","0,5",8,,2PGRSGVHVO,1,API,qtvlinhmp,2026-08-04 16:40:38,2026-08-04 19:00:19,Gift Card,Hoàn Tất,Tự động,1QMTH9EHEH8C9FLW,"""193178584481385425",,"1,45",GIFTCARD,2PGRSGVHVO,Tự động,,Hoàn Tất,,
8787576,1785785217468S319-1,G1,Rewarble - Gift Card,Rewarble Super Gift Card EU - 1 EUR,1,1002290590,"7,99","0,48","7,51",,2PGRSGCD3J,1,API,qtvlinhmp,2026-08-04 02:27:01,2026-08-04 19:13:14,Gift Card,Hoàn Tất,Tự động,X692B2ZS8BVISK44,"""193178584558617977",,"1,24",GIFTCARD,2PGRSGCD3J,Tự động,,Hoàn Tất,,
8789576,1785849789721DPLG-1,G1,Rewarble - Gift Card,Rewarble PayPal10 EUR,1,1002556227,"14,5","0,86","13,64",,2PGRPG8R76,1,API,,2026-08-04 20:23:10,2026-08-04 20:29:54,Gift Card,Hoàn Tất,Tự động,2UWRAURY7IYHT2GW,"""211178585018431908",,"12,38",GIFTCARD,2PGRPG8R76,Tự động,,Hoàn Tất,,
8790727,1785884438139I6DR-1,G1,Rewarble - Gift Card,Rewarble Super Gift Card USA - 30 USD,1,1003655393,"37,89","1,89",36,,2PGRSGJJ5B,1,API,qtvlinhmp,2026-08-05 06:00:39,2026-08-05 10:00:15,Gift Card,Hoàn Tất,Tự động,1GW1R2EB3BIU3XAG,"""193178589880553206",,"31,14",GIFTCARD,2PGRSGJJ5B,Tự động,,Hoàn Tất,,
8790142,1785864785643WCS9-1,G1,Starbucks - Gift Card,Starbucks 10 USD l USA,1,1003044952,11,"0,55","10,45",,2PGSGCSJ9H,1,API,,2026-08-05 00:33:06,2026-08-05 10:05:08,Gift Card,Hoàn Tất,Tự động,6355238187381859-27509803,"""193178589909812122",,"6,08",GIFTCARD,2PGSGCSJ9H,Tự động,,Hoàn Tất,,
8799357,1785908092023OUX0-1,G1,Rewarble - Gift Card,Rewarble Super Gift Card USA - 20 USD,1,1001612043,25,"1,25","23,75",,2PGRSGZ41C,1,API,,2026-08-05 12:34:53,2026-08-05 13:03:47,Gift Card,Hoàn Tất,Tự động,CH6UKB84Z9WYN4ZD,"""193178590981158091",,"20,76",GIFTCARD,2PGRSGZ41C,Tự động,,Hoàn Tất,,
8800225,1785934272546INPL-1,G1,Rewarble - Gift Card,Rewarble Super 50 GBP,1,277796,"85,7","4,28","81,42",,2PGRSG0Q4C,1,API,,2026-08-05 19:51:13,2026-08-05 20:05:30,Gift Card,Hoàn Tất,Tự động,UIBW136RM8FUHZP2,"""203178593511773688",,"72,35",GIFTCARD,2PGRSG0Q4C,Tự động,,Hoàn Tất,,
8800808,1785946800379VPPY-1,G1,Steam - Gift Card,Steam Wallet 50 USD Global,1,57511,58,"2,89","55,11",,2PGSWCA5KH,1,API,,2026-08-05 23:20:02,2026-08-05 23:38:28,Gift Card,Hoàn Tất,Tự động,VHQYR-B5VP9-JCX9G--XEM2V-PPMEV-2ROM3--G4LAQ-QGZRM-4GEM8--03AWA-3VJR9-9JNEE,"""211178594790433194",,"50,27",GIFTCARD,2PGSWCA5KH,Tự động,,Hoàn Tất,,
8800815,1785947174717JQSU-1,G1,Valorant,EU 2575 Valorant Points EU - 25 EUR,1,1001578576,"33,8","2,01","31,79",,2GGVGCNWWM,1,API,anhnqv,2026-08-05 23:26:15,2026-08-06 00:09:12,Gift Card,Hoàn Tất,Tự động,RA-W3B49PESFGVPH6ZC,"""211178594974851953",,"24,81",GIFTCARD,2GGVGCNWWM,Tự động,,Hoàn Tất,,
8801385,1785965412483T9QK-1,G1,LOL - League of Legends,Riot Points GC 10 Euro,1,1000966260,"13,49","0,8","12,69",,2GGRPGGMK6,1,API,,2026-08-06 04:30:13,2026-08-06 08:37:10,Gift Card,Hoàn Tất,Tự động,RA-ZH775R69HKZZRHZ8,"""203178598022325260",,"11,44",GIFTCARD,2GGRPGGMK6,Tự động,,Hoàn Tất,,
8801370,1785963836109FKX1-1,G1,PSN - Gift card,UK Playstation Network 70 GBP,1,1002491903,"96,95","4,84","92,11",,2PGPNG525G,1,API,,2026-08-06 04:03:57,2026-08-06 09:31:31,Gift Card,Hoàn Tất,Tự động,JE98-HCAM-3JEF,"""193178598348345646",,"86,04",GIFTCARD,2PGPNG525G,Tự động,,Hoàn Tất,,
8809939,1786033445184PCVW-1,G1,Valorant,MENA 8700 Valorant Points MENA - 80 EUR,1,1003890880,"82,1","4,1",78,,2GGVGCGZ2U,1,API,,2026-08-06 23:24:06,2026-08-06 23:31:32,Gift Card,Hoàn Tất,Tự động,RA-52KDXCNXGAPDG2H6,"""211178603388220557",,"73,33",GIFTCARD,2GGVGCGZ2U,Tự động,,Hoàn Tất,,
8809948,1786033630075Y4VU-1,G1,Valorant,MENA 2575 Valorant Points MENA - 25 EUR,2,1003890880,"51,32","2,56","48,76",,2GGVGCP861,1,API,,2026-08-06 23:27:11,2026-08-07 00:02:06,Gift Card,Hoàn Tất,Tự động,RA-HT9JQRAYN49QKDYE,"""211178603571245888",,"22,91",GIFTCARD,2GGVGCP861,Tự động,,Hoàn Tất,,
8809948,1786033630075Y4VU-1,G1,Valorant,MENA 2575 Valorant Points MENA - 25 EUR,2,1003890880,0,0,0,,2GGVGCP861,1,API,,2026-08-06 23:27:11,2026-08-07 00:02:06,Gift Card,Hoàn Tất,Tự động,RA-WVCUY37E7HL95QW6,"""211178603571251265",,"22,91",GIFTCARD,2GGVGCP861,Tự động,,Đã up code,,
8810610,1786055807260ZEJ2-1,G1,Valorant,MENA 2575 Valorant Points MENA - 25 EUR,1,1003593093,"26,66","1,33","25,33",,2GGVGCP861,1,API,qtvtrangdt1,2026-08-07 05:36:48,2026-08-07 09:21:45,Gift Card,Hoàn Tất,Tự động,RA-2A23W5NLQMQFSD6G,"""203178606929262990",,"22,91",GIFTCARD,2GGVGCP861,Tự động,,Hoàn Tất,,
8810738,1786063794105PXQ5-1,G1,Valorant,MENA 8700 Valorant Points MENA - 80 EUR,1,1004268944,"85,1","4,25","80,85",,2GGVGCGZ2U,1,API,,2026-08-07 07:49:55,2026-08-07 09:24:46,Gift Card,Hoàn Tất,Tự động,RA-W7VKWKVD2P6FHXT3,"""203178606947087416",,"73,33",GIFTCARD,2GGVGCGZ2U,Tự động,,Hoàn Tất,,
8810529,1786052508064WPKK-1,G1,Rewarble - Gift Card,Rewarble Gift Card USD 20 (Global),1,4962668,25,"1,25","23,75",,2PGRGCJ67F,1,API,qtvtrangdt1,2026-08-07 04:41:49,2026-08-07 09:33:35,Gift Card,Hoàn Tất,Tự động,8G9AST75FL4Q9F27,"""203178607000755373",,"20,76",GIFTCARD,2PGRGCJ67F,Tự động,,Hoàn Tất,,
8810047,1786037948947VZ5L-1,G1,Mastercard,Mastercard Gift Card USA - 25 USD,1,1004009421,31,"1,55","29,45",,2PGMGCVN6Q,1,API,,2026-08-07 00:39:09,2026-08-07 09:35:21,Gift Card,Hoàn Tất,Tự động,https://redeem.yourdigitalreward.com/activate-code/9a9f56dabac8f0f4a7332bc09394b059d239b64f,"""203178607011269361",,"26,03",GIFTCARD,2PGMGCVN6Q,Tự động,,Hoàn Tất,,
8810356,1786044336917SPB9-1,G1,Amazon - Gift Card,Amazon Gift Card 10 GBP United Kingdom,1,8092482,16,"0,96","15,04",,2PGAGC95EA,1,API,qtvtrangdt1,2026-08-07 02:25:37,2026-08-07 10:24:07,Gift Card,Hoàn Tất,Tự động,https://spend.runa.io/-/fbde3b3d-53d5-4389-8039-cf07a73b3319,"""203178607303486693",,"13,84",GIFTCARD,2PGAGC95EA,Tự động,,Hoàn Tất,,
8810522,1786050742146L64U-1,G1,Amazon - Gift Card,Amazon Gift Card USD 100 (US),1,8264994,"177,61","8,86","168,75",,2PGAGCOLJT,1,API,,2026-08-07 04:12:25,2026-08-07 14:22:14,Gift Card,Hoàn Tất,Tự động,-Y6UY-HGSTEE-5AAV,"""203178608732459600",,"103,24",GIFTCARD,2PGAGCOLJT,Tự động,,Hoàn Tất,,
8815762,1786090833635BPR2-1,G1,LOL - League of Legends,Riot Points GC 10 Euro,1,1002909203,"13,49","0,67","12,82",,2GGRPGGMK6,1,API,qtvtrangdt1,2026-08-07 15:20:34,2026-08-07 16:00:56,Gift Card,Hoàn Tất,Tự động,RA-EX95NN2W84J3H3LG,"""203178609324862208",,"11,41",GIFTCARD,2GGRPGGMK6,Tự động,,Hoàn Tất,,
8810249,1786039697777KWAJ-1,G1,Mastercard,Mastercard Gift Card USA - 25 USD,1,1001819583,31,"1,55","29,45",,2PGMGCVN6Q,1,API,,2026-08-07 01:08:18,2026-08-07 16:09:14,Gift Card,Hoàn Tất,Tự động,https://redeem.yourdigitalreward.com/activate-code/5ccf4d75215f8d9b328a0753ed5f23040a791b41,"""193178609374994888",,"26,03",GIFTCARD,2PGMGCVN6Q,Tự động,,Hoàn Tất,,
8816159,1786099500208PKEV-1,G1,Rewarble - Gift Card,Rewarble Gift Cards USD 100 (Global),1,1002886518,247,"12,33","234,67",,2PGRGCNHTT,1,API,,2026-08-07 17:45:01,2026-08-07 18:39:54,Gift Card,Hoàn Tất,Tự động,2ZS8HNXC3Q815DEX,"""193178610278578226",,"103,79",GIFTCARD,2PGRGCNHTT,Tự động,,Hoàn Tất,,
8816294,1786102552063TQII-1,G1,Rewarble - Gift Card,Rewarble Gift Cards USD 100 (Global),1,1002886518,247,"12,33","234,67",,2PGRGCNHTT,1,API,,2026-08-07 18:35:53,2026-08-07 18:59:18,Gift Card,Hoàn Tất,Tự động,IRJI5K1ETYD8DL1D,"""193178610394988066",,"103,79",GIFTCARD,2PGRGCNHTT,Tự động,,Hoàn Tất,,
8816245,1786101509350I19E-1,G1,Rewarble - Gift Card,Rewarble Gift Cards EUR 10 (Global),1,1000790011,"13,95","0,7","13,25",,2PGRGCONWV,1,API,qtvlinhmp,2026-08-07 18:18:30,2026-08-07 20:03:37,Gift Card,Hoàn Tất,Tự động,1NVVQABAHURQLDR5,"""193178610606177430",,"11,96",GIFTCARD,2PGRGCONWV,Tự động,,Hoàn Tất,,
8816856,1786114376639KJQP-1,G1,Rewarble - Gift Card,Rewarble Mastercard 30 USD,1,1004193083,38,"1,9","36,1",,2PGRMGENRV,1,API,qtvlinhmp,2026-08-07 21:52:57,2026-08-07 22:26:09,Gift Card,Hoàn Tất,Tự động,RNS1GEKU6RGXD43D,"""193178611636297698",,"32,32",GIFTCARD,2PGRMGENRV,Tự động,,Hoàn Tất,,
8818062,1786153019225W3NI-1,G1,Rewarble - Gift Card,Rewarble Gift Cards USD 10 (Global),1,1003410807,"12,9","0,64","12,26",,2PGRGCQU4H,1,API,,2026-08-08 08:37:00,2026-08-08 09:11:38,Gift Card,Hoàn Tất,Tự động,13IRFSHRAU86QHF7,"""203178615509444571",,"10,38",GIFTCARD,2PGRGCQU4H,Tự động,,Hoàn Tất,,
8817902,1786142733326RLW4-1,G1,Valorant,EU 8700 Valorant Points EU - 80 EUR,1,1003860909,"103,5","6,35","97,15",,2GGVGC9IZ2,1,API,qtvtrangdt1,2026-08-08 05:45:34,2026-08-08 09:26:03,Gift Card,Hoàn Tất,Tự động,RA-ZG2J9G8HHR2PZN2W,"""203178615595475979",,"89,1",GIFTCARD,2GGVGC9IZ2,Tự động,,Hoàn Tất,,
8817306,1786123975945SHM8-1,G1,Valorant,EU 2575 Valorant Points EU - 25 EUR,1,1003850060,"33,8","2,03","31,77",,2GGVGCNWWM,1,API,qtvtrangdt1,2026-08-08 00:32:56,2026-08-08 09:28:17,Gift Card,Hoàn Tất,Tự động,RA-T9KS2FUL95PREKBL,"""203178615609284349",,"24,81",GIFTCARD,2GGVGCNWWM,Tự động,,Hoàn Tất,,
8817510,1786126167860NBSA-1,G1,DoorDash - Gift Card,DoorDash Gift Card USD 45 (US),1,8185566,"49,7","2,48","47,22",,2PGDDGBDNO,1,API,,2026-08-08 01:09:28,2026-08-08 10:06:06,Gift Card,Hoàn Tất,Tự động,NAAWGW75EGJ7HTVF,"""203178615835811448",,"37,44",GIFTCARD,2PGDDGBDNO,Tự động,,Hoàn Tất,,
8822729,1786164636211EDNU-1,G1,Bit Cash,"BitCash Gift Card JPY 1,000 (JP)",1,1004272809,"7,6","0,38","7,22",,2PGBGCN2Y9,1,API,,2026-08-08 11:50:37,2026-08-08 12:02:10,Gift Card,Hoàn Tất,Tự động,うせめほろてえねふかひうやてれひ,"""203178616532259852",,"6,59",GIFTCARD,2PGBGCN2Y9,Tự động,,Hoàn Tất,,
8817852,1786140580311RXLW-1,G1,Rewarble - Gift Card,Ppal Rewarble Gift Card GBP 10 (Global),1,1004170145,"17,5","1,04","16,46",,2PGRPGKBUV,1,API,,2026-08-08 05:09:41,2026-08-08 12:56:00,Gift Card,Hoàn Tất,Tự động,WS6KKT8S53EKJ1BK,"""203178616855488939",,"14,5",GIFTCARD,2PGRPGKBUV,Tự động,,Hoàn Tất,,
8823116,1786178553853H56W-1,G1,Valorant,MENA 2575 Valorant Points MENA - 25 EUR,1,1004225029,"26,66","1,33","25,33",,2GGVGCP861,1,API,qtvtrangdt1,2026-08-08 15:42:34,2026-08-08 15:50:48,Gift Card,Hoàn Tất,Tự động,RA-UPNXJHNG4SGNKPDL,"""203178617903961995",,"22,91",GIFTCARD,2GGVGCP861,Tự động,,Hoàn Tất,,
8823240,1786181727196Q95W-1,G1,Valorant,MENA 2575 Valorant Points MENA - 25 EUR,1,1004225029,"26,66","1,33","25,33",,2GGVGCP861,1,API,anhnqv,2026-08-08 16:35:28,2026-08-08 16:44:28,Gift Card,Hoàn Tất,Tự động,RA-QVWM6L7Z6JVKYSTG,"""211178618226588650",,"22,91",GIFTCARD,2GGVGCP861,Tự động,,Hoàn Tất,,
8823248,1786181989438RD7X-1,G1,Apple - Gift Card,US App Store / iTunes Gift Card 30 USD,1,1003528628,"32,35","1,92","30,43",,2PGAGC10LP,1,API,anhnqv,2026-08-08 16:39:50,2026-08-08 16:45:12,Gift Card,Hoàn Tất,Tự động,XNKFMRY2RGXFR25T,"""211178618230870465",,"28,83",GIFTCARD,2PGAGC10LP,Tự động,,Hoàn Tất,,
8823237,1786181524607CYYE-1,G1,Rewarble - Gift Card,Rewarble Gift Cards USD 10 (Global),1,1003176222,"12,9","0,64","12,26",,2PGRGCQU4H,1,API,,2026-08-08 16:32:05,2026-08-08 16:46:28,Gift Card,Hoàn Tất,Tự động,XR2A3CWPYQH9RDLJ,"""211178618238153408",,"10,38",GIFTCARD,2PGRGCQU4H,Tự động,,Hoàn Tất,,
8823295,1786183183558YSB8-1,G1,Apple - Gift Card,US App Store / iTunes Gift Card 30 USD,5,1003528628,"166,75","9,9","156,85",,2PGAGC10LP,1,API,,2026-08-08 16:59:45,2026-08-08 18:02:01,Gift Card,Hoàn Tất,Tự động,X9CHTD8ZD3GVYDMK,"""211178618507245571",,"28,83",GIFTCARD,2PGAGC10LP,Tự động,,Hoàn Tất,,
8823295,1786183183558YSB8-1,G1,Apple - Gift Card,US App Store / iTunes Gift Card 30 USD,5,1003528628,0,0,0,,2PGAGC10LP,1,API,,2026-08-08 16:59:45,2026-08-08 18:02:01,Gift Card,Hoàn Tất,Tự động,X3DVZ873GT3T9VG5,"""211178618691548925",,"28,83",GIFTCARD,2PGAGC10LP,Tự động,,Đã up code,,
8823295,1786183183558YSB8-1,G1,Apple - Gift Card,US App Store / iTunes Gift Card 30 USD,5,1003528628,0,0,0,,2PGAGC10LP,1,API,,2026-08-08 16:59:45,2026-08-08 18:02:01,Gift Card,Hoàn Tất,Tự động,XKXZRG3KYWGVD3CG,"""211178618691566150",,"28,83",GIFTCARD,2PGAGC10LP,Tự động,,Đã up code,,
8823295,1786183183558YSB8-1,G1,Apple - Gift Card,US App Store / iTunes Gift Card 30 USD,5,1003528628,0,0,0,,2PGAGC10LP,1,API,,2026-08-08 16:59:45,2026-08-08 18:02:01,Gift Card,Hoàn Tất,Tự động,XMQHQVFVY9H9Q73V,"""211178618691584892",,"28,83",GIFTCARD,2PGAGC10LP,Tự động,,Đã up code,,
8823295,1786183183558YSB8-1,G1,Apple - Gift Card,US App Store / iTunes Gift Card 30 USD,5,1003528628,0,0,0,,2PGAGC10LP,1,API,,2026-08-08 16:59:45,2026-08-08 18:02:01,Gift Card,Hoàn Tất,Tự động,XCQJ76YZ3WFL5RTP,"""211178618691557887",,"28,83",GIFTCARD,2PGAGC10LP,Tự động,,Đã up code,,
8817896,1786142337072FVY8-1,G1,Valorant,MENA 2575 Valorant Points MENA - 25 EUR,1,1004272032,"26,66","1,33","25,33",,2GGVGCP861,1,API,,2026-08-08 05:38:58,2026-08-08 18:11:49,Gift Card,Hoàn Tất,Tự động,RA-LCMU5SASTGMG7BQF,"""211178618749875742",,"22,91",GIFTCARD,2GGVGCP861,Tự động,,Hoàn Tất,,
8757986,1785609481465MH16-1,G1,Steam - Gift Card,Steam Wallet 20 USD Global,1,1001417781,"23,35","1,17","22,18",,2PGSWC9VT6,1,API,anhnqv,2026-08-02 01:38:02,2026-08-08 18:42:16,Gift Card,Hoàn Tất,Tự động,VAKRZ-I44LK-K0BJL,"""211178618932791884",,"20,05",GIFTCARD,2PGSWC9VT6,Tự động,,Hoàn Tất,,
8823794,1786194515785S920-1,G1,Rewarble - Gift Card,Ppal Rewarble Gift Card USD 5 (Global),1,1003176222,"6,2","0,31","5,89",,2PGRPGC1SQ,1,API,,2026-08-08 20:08:36,2026-08-08 21:02:55,Gift Card,Hoàn Tất,Tự động,A9CYWUZNQXBLLZIG,"""211178619776556981",,"5,37",GIFTCARD,2PGRPGC1SQ,Tự động,,Hoàn Tất,,
8826412,1786206171167GTJC-1,G1,Valorant,EU 2575 Valorant Points EU - 25 EUR,1,8576789,"33,8","2,01","31,79",,2GGVGCNWWM,1,API,,2026-08-08 23:22:52,2026-08-08 23:43:05,Gift Card,Hoàn Tất,Tự động,RA-KLWLWFAV6XYTTFHU,"""211178620737643141",,"24,56",GIFTCARD,2GGVGCNWWM,Tự động,,Hoàn Tất,,
8827123,1786233167970TPF7-1,G1,Valorant,EU 2575 Valorant Points EU - 25 EUR,1,1004275791,"33,8","2,11","31,69",,2GGVGCNWWM,1,API,,2026-08-09 06:52:49,2026-08-09 08:56:48,Gift Card,Hoàn Tất,Tự động,RA-2LN9YSUJXU2FTGMF,"""211178624060087000",,"24,56",GIFTCARD,2GGVGCNWWM,Tự động,,Hoàn Tất,,
8826952,1786225347287BNX8-1,G1,Amazon - Gift Card,Amazon Gift Card USD 5 (US),1,1001669448,"4,85","0,24","4,61",,2PGAGCJ7IP,1,API,anhnqv,2026-08-09 04:42:28,2026-08-09 09:04:00,Gift Card,Hoàn Tất,Tự động,DJTM-7Z925N-SGAT,"""211178624103270281",,"4,34",GIFTCARD,2PGAGCJ7IP,Tự động,,Hoàn Tất,,
8827354,1786242736667XSTI-1,G1,Rewarble - Gift Card,Rewarble Gift Card USD 20 (Global),1,1003095482,25,"1,25","23,75",,2PGRGCJ67F,1,API,,2026-08-09 09:32:18,2026-08-09 09:39:49,Gift Card,Hoàn Tất,Tự động,DEWLGQKA41HKFPWL,"""211178624318316560",,"20,76",GIFTCARD,2PGRGCJ67F,Tự động,,Hoàn Tất,,
8841291,1786281805427DJFK-1,G1,Steam - Gift Card,Steam Wallet 100 USD Global,1,4304660,"125,39","7,45","117,94",,2PGSWCK0TT,1,API,,2026-08-09 20:23:26,2026-08-09 20:37:54,Gift Card,Hoàn Tất,Tự động,YH6J3-4MRTP-MD66A--MK67-OD5TY-8V4LI--DPB73-75P38-N65PB--HY2Q3-AT4R5-785VQ,"""211178628266962376",,"100,13",GIFTCARD,2PGSWCK0TT,Tự động,,Hoàn Tất,,
8841637,1786291179876BK1F-1,G1,Valorant,EU 3650 Valorant Points EU - 35 EUR,1,1003858518,"46,7","2,82","43,88",,2GGVGC7976,1,API,,2026-08-09 22:59:41,2026-08-09 23:04:34,Gift Card,Hoàn Tất,Tự động,RA-YDP2TNN32RC9VDZN,"""211178629146823787",,"38,35",GIFTCARD,2GGVGC7976,Tự động,,Hoàn Tất,,
8842569,1786324229362C81B-1,G1,Valorant,EU 2575 Valorant Points EU - 25 EUR,1,1002717417,"33,8","1,69","32,11",,2GGVGCNWWM,1,API,,2026-08-10 08:10:31,2026-08-10 09:07:09,Gift Card,Hoàn Tất,Tự động,RA-FX4FKAG65VQQ8M7S,"""211178632762026810",,"24,56",GIFTCARD,2GGVGCNWWM,Tự động,,Hoàn Tất,,
8842403,1786314994470AZMD-1,G1,Steam - Gift Card,Steam Wallet 50 USD Global,1,7263198,58,"2,89","55,11",,2PGSWCA5KH,1,API,,2026-08-10 05:36:35,2026-08-10 09:07:28,Gift Card,Hoàn Tất,Tự động,RIO6M-QLZ6A-W65HZ--3GNCJ-89TM8-AKBRT--MT99D-FLAQZ-VPD58--5ABJB-HBKHM-XXIGL,"""211178632764578358",,"50,27",GIFTCARD,2PGSWCA5KH,Tự động,,Hoàn Tất,,
8842264,1786308325517HX4Q-1,G1,Rewarble - Gift Card,Ppal Rewarble Gift Card USD 5 (Global),1,1004276967,"6,2","0,31","5,89",,2PGRPGC1SQ,1,API,anhnqv,2026-08-10 03:45:26,2026-08-10 09:08:00,Gift Card,Hoàn Tất,Tự động,QXL62HGRNJWUBLQY,"""211178632767122012",,"5,37",GIFTCARD,2PGRPGC1SQ,Tự động,,Hoàn Tất,,
8842858,1786334822901QOBJ-1,G1,Amazon - Gift Card,Amazon Gift Card USD 5 (US),1,5453505,"5,3","0,26","5,04",,2PGAGCJ7IP,1,API,anhnqv,2026-08-10 11:07:08,2026-08-10 11:28:24,Gift Card,Hoàn Tất,Tự động,VJQY-AYETNA-YTA4,"""211178633609598079",,"4,33",GIFTCARD,2PGAGCJ7IP,Tự động,,Hoàn Tất,,
8842995,1786338796015TZ8A-1,G1,Amazon - Gift Card,Amazon Gift Card USD 10 (US),1,1002162761,"11,39","0,57","10,82",,2PGAGCU5SG,1,API,,2026-08-10 12:13:17,2026-08-10 12:31:56,Gift Card,Hoàn Tất,Tự động,C4RZ-XPFMGX-KMAC,"""203178633990493614",,"8,86",GIFTCARD,2PGAGCU5SG,Tự động,,Hoàn Tất,,
8843007,1786339179747OA21-1,G1,Touch ‘n Go Gift Card,Touch 'n Go eWallet Reload PIN worth MYR 500 (MY),1,1002872821,"269,36","13,44","255,92",,2PGTGRZWAC,1,API,qtvtrangdt1,2026-08-10 12:19:40,2026-08-10 12:36:45,Gift Card,Hoàn Tất,Tự động,https://vouchersmy.digitalgcs.com/?acode=TEuvkpQW,"""203178634019811060",,"131,25",GIFTCARD,2PGTGRZWAC,Tự động,,Hoàn Tất,,
8842208,1786305945776IK8T-1,G1,PSN - Gift card,USA PSN Gift Card USD 10 (USA),1,1001666695,"21,7","1,08","20,62",,2PGPNGJ901,1,API,qtvtrangdt1,2026-08-10 03:05:46,2026-08-10 14:34:16,Gift Card,Hoàn Tất,Tự động,67HP-JKT4-3DGB,"""203178634724582139",,"9,52",GIFTCARD,2PGPNGJ901,Tự động,,Hoàn Tất,,
8843881,1786363588859AJYB-1,G1,Valorant,EU 5350 Valorant Points EU - 50 EUR,1,1000488751,61,"3,68","57,32",,2GGVGC47WF,1,API,,2026-08-10 19:06:30,2026-08-10 19:44:14,Gift Card,Hoàn Tất,Tự động,RA-XGBV6WU76Y6HUGGS,"""211178636584230776",,"48,85",GIFTCARD,2GGVGC47WF,Tự động,,Hoàn Tất,,
8844182,1786369349244QPFQ-1,G1,Mastercard,Mastercard Gift Card USA - 25 USD,1,1003288234,31,"1,55","29,45",,2PGMGCVN6Q,1,API,qtvlinhmp,2026-08-10 20:42:30,2026-08-10 21:09:38,Gift Card,Hoàn Tất,Tự động,https://redeem.yourdigitalreward.com/activate-code/b7a4b20f33b9af65e807161d38862fd35682815f,"""193178637097125733",,"26,03",GIFTCARD,2PGMGCVN6Q,Tự động,,Hoàn Tất,,
8844169,1786368757384X913-1,G1,Rewarble - Gift Card,Ppal Rewarble Gift Card USD 15 (Global),1,1004092800,"18,8","0,94","17,86",,2PGRPG30EW,1,API,,2026-08-10 20:32:38,2026-08-10 21:11:53,Gift Card,Hoàn Tất,Tự động,RSXZN3II1Z337DUK,"""193178637110718595",,"16,11",GIFTCARD,2PGRPG30EW,Tự động,,Hoàn Tất,,
8845064,1786387302598BHP1-1,G1,Bit Cash,"BitCash Gift Card JPY 3,000 (JP)",1,1004282440,"23,2","1,39","21,81",,2PGBGCUTIH,1,API,qtvlinhmp,2026-08-11 01:41:43,2026-08-11 09:28:04,Gift Card,Hoàn Tất,Tự động,ろつそねへわろふひゆてりろとりや,"""193178641527597860",,"19,61",GIFTCARD,2PGBGCUTIH,Tự động,,Hoàn Tất,,
8844845,1786383073469SJFW-1,G1,Amazon - Gift Card,Amazon Gift Card USD 20 (US),1,1003089407,"21,85","1,09","20,76",,2PGAGCQQNO,1,API,qtvlinhmp,2026-08-11 00:31:14,2026-08-11 09:36:03,Gift Card,Hoàn Tất,Tự động,VQXT-5Q3549-LVAB,"""193178641575292623",,"19,24",GIFTCARD,2PGAGCQQNO,Tự động,,Hoàn Tất,,
8845021,1786386017137FTZ7-1,G1,Amazon - Gift Card,Amazon Gift Card 10 GBP United Kingdom,1,1002550330,16,"0,96","15,04",,2PGAGC95EA,1,API,qtvlinhmp,2026-08-11 01:20:18,2026-08-11 10:09:35,Gift Card,Hoàn Tất,Tự động,https://spend.runa.io/-/3fc5dd98-0c6e-400d-a963-94c42f6b6186,"""193178641776580929",,"13,88",GIFTCARD,2PGAGC95EA,Tự động,,Hoàn Tất,,
8859839,1786434265112DA2C-1,G1,Amazon - Gift Card,Amazon Gift Card USD 100 (US),1,1003627422,"115,5","6,91","108,59",,2PGAGCOLJT,1,API,qtvtrangdt1,2026-08-11 14:44:31,2026-08-11 14:53:41,Gift Card,Hoàn Tất,Tự động,7PSU-N68KLA-9MAP,"""203178643481283884",,"99,21",GIFTCARD,2PGAGCOLJT,Tự động,,Hoàn Tất,,
8860071,1786441329039XG7A-1,G1,Bit Cash,"BitCash Gift Card JPY 1,000 (JP)",1,8511843,"7,6","0,38","7,22",,2PGBGCN2Y9,1,API,qtvlinhmp,2026-08-11 16:42:10,2026-08-11 17:01:45,Gift Card,Hoàn Tất,Tự động,ぬてゆゆろえてもしてはうなさはう,"""193178644249556407",,"6,52",GIFTCARD,2PGBGCN2Y9,Tự động,,Hoàn Tất,,
8827049,1786228588239L1S4-1,G1,Touch ‘n Go Gift Card,Touch 'n Go eWallet Reload PIN worth MYR 300 (MY),1,1003344256,"90,9","4,54","86,36",,,1,API,anhnqv,2026-08-09 05:36:29,2026-08-11 17:55:45,Gift Card,Hoàn Tất,Tự động,,,,,,,Thủ công,,,,
8862599,1786450925245WJUV-1,G1,Bit Cash,"BitCash Gift Card JPY 1,000 (JP)",1,1004282440,"7,6","0,46","7,14",,2PGBGCN2Y9,1,API,anhnqv,2026-08-11 19:22:06,2026-08-11 20:40:51,Gift Card,Hoàn Tất,Tự động,きるおくこりほにしむねつけちれの,"""211178645564374879",,"6,53",GIFTCARD,2PGBGCN2Y9,Tự động,,Hoàn Tất,,
8862635,1786451911617XD03-1,G1,Riot Points - Gift Card,Riot Points GC 50 Euro,1,1000594543,"102,7","6,35","96,35",,2GGRPGNVA4,1,API,,2026-08-11 19:38:32,2026-08-11 20:49:18,Gift Card,Hoàn Tất,Tự động,RA-GZBBETLAEUQSHXXK,"""211178645615310644",,"56,22",GIFTCARD,2GGRPGNVA4,Tự động,,Hoàn Tất,,
8863179,1786465641750XFDB-1,G1,Valorant,MENA 2575 Valorant Points MENA - 25 EUR,1,1003593093,"26,66","1,33","25,33",,2GGVGCP861,1,API,,2026-08-11 23:27:22,2026-08-11 23:34:57,Gift Card,Hoàn Tất,Tự động,RA-7GJXU6Z8T5ZCESDA,"""211178646609459891",,"22,91",GIFTCARD,2GGVGCP861,Tự động,,Hoàn Tất,,
8863196,1786466059294C4YE-1,G1,Valorant,EU 2575 Valorant Points EU - 25 EUR,1,1004285543,"30,7","1,84","28,86",,2GGVGCNWWM,1,API,,2026-08-11 23:34:20,2026-08-11 23:42:31,Gift Card,Hoàn Tất,Tự động,RA-YSQZJE5665SAU5UK,"""211178646654447430",,"22,91",GIFTCARD,2GGVGCNWWM,Tự động,,Hoàn Tất,,
8863291,1786468325088VVEP-1,G1,Valorant - Gift Card,Valorant Points GBP 35 (UK),1,1004285543,"51,9","3,11","48,79",,,1,API,,2026-08-12 00:12:06,2026-08-12 00:15:54,Gift Card,Hoàn Tất,Tự động,,,,,,,Thủ công,,,,
8863812,1786483897604LXMO-1,G1,Rewarble - Gift Card,Rewarble PayPal EU - 10 EUR,1,1002525137,"14,3","0,71","13,59",,2PGRPGXSED,1,API,,2026-08-12 04:31:38,2026-08-12 08:53:15,Gift Card,Hoàn Tất,Tự động,HWYLQ8U8YN49V9KZ,"""203178649958671389",,"12,4",GIFTCARD,2PGRPGXSED,Tự động,,Hoàn Tất,,
8864165,1786500173183OBO3-1,G1,Steam - Gift Card,Steam Wallet Code 25 USD (Global),1,1001544803,30,"1,5","28,5",,2PGSWCP0V1,1,API,,2026-08-12 09:02:54,2026-08-12 09:15:11,Gift Card,Hoàn Tất,Tự động,X9Z32-Q2CKG-4FLEG--JRTGZ-KB7CI-QX8JD,"""203178650090215299",,"25,3",GIFTCARD,2PGSWCP0V1,Tự động,,Hoàn Tất,,
8864730,1786514640954BTGD-1,G1,Steam - Gift Card,Steam Wallet Code 180 ZAR,1,1001242601,30,"1,5","28,5",,2PGSWC55HV,1,API,qtvlinhmp,2026-08-12 13:04:02,2026-08-12 16:39:13,Gift Card,Hoàn Tất,Tự động,YVQFN-XEDMK-3YX6C,"""193178652754874357",,"10,9",GIFTCARD,2PGSWC55HV,Tự động,,Hoàn Tất,,
8865292,1786528813251WGA5-1,G1,Touch ‘n Go Gift Card,Touch 'n Go eWallet Reload PIN worth MYR 10 (MY),1,1004287886,"3,01","0,15","2,86",,2PGTGRYOXL,1,API,anhnqv,2026-08-12 17:00:16,2026-08-12 17:37:19,Gift Card,Hoàn Tất,Tự động,6060248611,"""211178653102917219",,"2,54",GIFTCARD,2PGTGRYOXL,Tự động,,Hoàn Tất,,
8865861,1786540496957IXF5-1,G1,ExitLag,"ExitLag Tier 3 (BR,MX,PH,SA,TH) - 1 Month",1,1002733217,"4,35","0,22","4,13",,2PGELGV36J,1,API,,2026-08-12 20:14:58,2026-08-12 21:22:39,Gift Card,Hoàn Tất,Tự động,exlTI3-WMusO3ArCR47,"""193178654455351821",,"3,8",GIFTCARD,2PGELGV36J,Tự động,,Hoàn Tất,,
8866429,1786555459552KWOZ-1,G1,Amazon - Gift Card,Amazon Gift Card USD 10 (US),1,1003684501,"11,3","0,67","10,63",,2PGAGCU5SG,1,API,,2026-08-13 00:24:20,2026-08-13 08:41:11,Gift Card,Hoàn Tất,Tự động,DU75-NGZRBW-QAAE,"""211178658526090648",,"8,47",GIFTCARD,2PGAGCU5SG,Tự động,,Hoàn Tất,,
8866552,1786557528567VLR5-1,G1,Amazon - Gift Card,Amazon Gift Card USD 100 (US),1,1003132872,"113,95","5,69","108,26",,2PGAGCOLJT,1,API,anhnqv,2026-08-13 00:58:49,2026-08-13 08:45:42,Gift Card,Hoàn Tất,Tự động,V4TB-KQXFHL-C9AS,"""211178658553414748",,"99,21",GIFTCARD,2PGAGCOLJT,Tự động,,Hoàn Tất,,
8866803,1786566626360YJYO-1,G1,Bit Cash,"BitCash Gift Card JPY 1,000 (JP)",1,1001184326,9,"0,57","8,43",,2PGBGCN2Y9,1,API,anhnqv,2026-08-13 03:30:27,2026-08-13 08:50:21,Gift Card,Hoàn Tất,Tự động,ゆらえやはりいににめへうたむきま,"""211178658581494801",,"6,52",GIFTCARD,2PGBGCN2Y9,Tự động,,Hoàn Tất,,
8867086,1786582371451PNCL-1,G1,Rewarble - Gift Card,Ppal Rewarble Gift Card GBP 25 (Global),1,1003750065,"40,3","2,01","38,29",,2PGRPGTQZ3,1,API,anhnqv,2026-08-13 07:52:52,2026-08-13 09:34:22,Gift Card,Hoàn Tất,Tự động,REGPHYGNQPZDXZPT,"""211178658845711641",,"36,04",GIFTCARD,2PGRPGTQZ3,Tự động,,Hoàn Tất,,
8867993,1786610916734Y5IA-1,G1,Valorant,EU 2575 Valorant Points EU - 25 EUR,1,1003280607,"30,1","1,8","28,3",,2GGVGCNWWM,1,API,qtvlinhmp,2026-08-13 15:48:37,2026-08-13 16:45:34,Gift Card,Hoàn Tất,Tự động,RA-BRLGARKDW6S5ZDMQ,"""193178661432274283",,"24,56",GIFTCARD,2GGVGCNWWM,Tự động,,Hoàn Tất,,
7952380,1782527948762Q70J-1,G1,Overwatch 2 - Gift Card,Overwatch 2 - Gift Card - 1000 Coins,2,1001270410,"21,58","1,08","20,5",,2GGO2GD2JC,1,API,,2026-06-27 09:39:09,2026-08-13 16:51:47,Gift Card,Hoàn Tất,Tự động,9L8B-BCD5-MRNLF-4K3F-MDRD,"""185178661469873723",,"6,3",GIFTCARD,2GGO2GD2JC,Tự động,,Hoàn Tất,,
7952380,1782527948762Q70J-1,G1,Overwatch 2 - Gift Card,Overwatch 2 - Gift Card - 1000 Coins,2,1001270410,0,0,0,,2GGO2GD2JC,1,API,,2026-06-27 09:39:09,2026-08-13 16:51:47,Gift Card,Hoàn Tất,Tự động,3JN8-J4VF-9MD5H-66LM-JRPV,"""185178661469826675",,"6,3",GIFTCARD,2GGO2GD2JC,Tự động,,Đã up code,,
8845484,1786406467586LCDK-1,G1,Steam - Gift Card,US Steam Wallet 25 USD,1,1001268896,30,"1,8","28,2",,2PGSWCEHGO,1,API,,2026-08-11 07:01:08,2026-08-13 17:08:33,Gift Card,Hoàn Tất,Tự động,-ZN9W7-QW0KY-JKIAI-J0I8G-5R9EP-40VBG,"""185178661570572149",,"25,3",GIFTCARD,2PGSWCEHGO,Tự động,,Hoàn Tất,,
8881608,1786628184046BW67-1,G1,Amazon - Gift Card,Amazon Gift Card USD 100 (US),1,1003627422,"173,9","10,42","163,48",,2PGAGCOLJT,1,API,,2026-08-13 20:36:25,2026-08-13 21:13:24,Gift Card,Hoàn Tất,Tự động,KT8E-FMH3ZG-X3AH,"""211178663039674495",,"99,21",GIFTCARD,2PGAGCOLJT,Tự động,,Hoàn Tất,,
8867627,1786600701371S68J-1,G1,Rewarble - Gift Card,Rewarble Super 15 CAD,1,1003804030,"14,99","0,75","14,24",,2PGRSGKKDF,1,API,anhnqv,2026-08-13 12:58:22,2026-08-13 21:17:59,Gift Card,Hoàn Tất,Tự động,C944K2YL2VS85EYP,"""211178663067345420",,"11,5",GIFTCARD,2PGRSGKKDF,Tự động,,Hoàn Tất,,
8881770,1786630756291JGMB-1,G1,Amazon - Gift Card,Amazon Gift Card USD 35 (US),1,1003627422,"36,8","2,21","34,59",,2PGAGCZRQW,1,API,,2026-08-13 21:19:17,2026-08-13 21:25:36,Gift Card,Hoàn Tất,Tự động,QQV3-AH9VK5-FBAF,"""211178663112761209",,"31,9",GIFTCARD,2PGAGCZRQW,Tự động,,Hoàn Tất,,
8881903,1786634874615H9A9-1,G1,Amazon - Gift Card,Amazon Gift Card USD 20 (US),1,5887302,"22,6","1,13","21,47",,2PGAGCQQNO,1,API,,2026-08-13 22:27:55,2026-08-13 22:34:42,Gift Card,Hoàn Tất,Tự động,4XPT-FHGUD3-YGAL,"""211178663527430789",,"19,24",GIFTCARD,2PGAGCQQNO,Tự động,,Hoàn Tất,,
8882244,1786643254095P7AW-1,G1,Steam - Gift Card,Steam Wallet 50 USD Global,1,1001006080,58,"3,5","54,5",,2PGSWCA5KH,1,API,,2026-08-14 00:47:35,2026-08-14 09:11:09,Gift Card,Hoàn Tất,Tự động,V73WT-JN9JE-3JXJ6--E3ZIQ-4DL52-Z2H9Z--HHGPY-2PXB8-G5YE7--PNMBR-ZP998-C00MX,"""193178667346686951",,"50,27",GIFTCARD,2PGSWCA5KH,Tự động,,Hoàn Tất,,
8882843,1786671031528FG88-1,G1,Rewarble - Gift Card,Rewarble Gift Cards USD 100 (Global),1,1002750963,124,"6,19","117,81",,2PGRGCNHTT,1,API,,2026-08-14 08:30:32,2026-08-14 09:33:36,Gift Card,Hoàn Tất,Tự động,XIJ4GTL3XR8IXRPP,"""193178667480713056",,"103,79",GIFTCARD,2PGRGCNHTT,Tự động,,Hoàn Tất,,
8874929,1786621198992I9MW-1,G1,Rewarble - Gift Card,Rewarble Gift Cards USD 30 (Global),1,1002126823,"37,99","2,26","35,73",,2PGRGCODLD,1,API,,2026-08-13 18:39:59,2026-08-14 09:35:54,Gift Card,Hoàn Tất,Tự động,XDDCZZ7J6JETKIYT,"""185178662490266036",,"31,14",GIFTCARD,2PGRGCODLD,Tự động,,Hoàn Tất,,
8882934,1786674023782A9B0-1,G1,Amazon - Gift Card,Amazon Gift Card USD 10 (US),1,1001720887,"11,3","0,56","10,74",,2PGAGCU5SG,1,API,qtvlinhmp,2026-08-14 09:20:24,2026-08-14 09:39:39,Gift Card,Hoàn Tất,Tự động,37WN-859FJ9-ZVAQ,"""193178667517558095",,"9,62",GIFTCARD,2PGAGCU5SG,Tự động,,Hoàn Tất,,
8882097,1786640452846JW0E-1,G1,Overwatch 2 - Gift Card,Overwatch 2 - Gift Card - 200 Coins,1,1003235512,"5,5","0,27","5,23",,2GGO2GVUPK,1,API,qtvtrangdt1,2026-08-14 00:00:53,2026-08-14 13:37:43,Gift Card,Hoàn Tất,Tự động,HNQC-HFLM-QFNK5-35LV-M9D6,"""203178668945230088",,"5,73",GIFTCARD,2GGO2GVUPK,Tự động,,Hoàn Tất,,
8897288,1786717400062D5JY-1,G1,Bit Cash,"BitCash Gift Card JPY 1,000 (JP)",1,1000216033,"8,2","0,41","7,79",,2PGBGCN2Y9,1,API,,2026-08-14 21:23:21,2026-08-14 21:37:21,Gift Card,Hoàn Tất,Tự động,にほしらきまくしめけわやけこけな,"""211178671823167309",,"6,53",GIFTCARD,2PGBGCN2Y9,Tự động,,Hoàn Tất,,
8898391,1786755609850PJ20-1,G1,Valorant,EU 2575 Valorant Points EU - 25 EUR,1,1003057213,"29,5","1,47","28,03",,2GGVGCNWWM,1,API,,2026-08-15 08:00:10,2026-08-15 08:57:27,Gift Card,Hoàn Tất,Tự động,RA-Y7QVWLZWBJFD8T3N,"""203178675904264613",,"24,56",GIFTCARD,2GGVGCNWWM,Tự động,,Hoàn Tất,,
8898322,1786752100866DWSX-1,G1,Valorant,EU 5350 Valorant Points EU - 50 EUR,1,1003592087,"62,3","3,7","58,6",,2GGVGC47WF,1,API,,2026-08-15 07:01:41,2026-08-15 09:06:45,Gift Card,Hoàn Tất,Tự động,RA-3LE3UQVVFEDCFUQP,"""203178675960052339",,"49,09",GIFTCARD,2GGVGC47WF,Tự động,,Hoàn Tất,,
8898321,1786752058868XOMP-1,G1,Rewarble - Gift Card,Rewarble Super 20 GBP,1,1000017582,33,"1,65","31,35",,2PGRSG84TG,1,API,,2026-08-15 07:00:59,2026-08-15 09:14:09,Gift Card,Hoàn Tất,Tự động,89ZPFXDARQR3IPAY,"""203178676004037009",,"28,08",GIFTCARD,2PGRSG84TG,Tự động,,Hoàn Tất,,
8898233,1786745381944BCE8-1,G1,LOL - League of Legends,Riot Points GC 10 Euro,1,7375226,"13,49","0,67","12,82",,2GGRPGGMK6,1,API,qtvtrangdt1,2026-08-15 05:09:43,2026-08-15 09:15:39,Gift Card,Hoàn Tất,Tự động,RA-LKT3NRLG8E69KRSE,"""203178676013546337",,"11,46",GIFTCARD,2GGRPGGMK6,Tự động,,Hoàn Tất,,
8898372,1786754606299GLM2-1,G1,Valorant,NA 2050 Valorant Points NA -20 USD Card,1,1003205849,"21,02","1,05","19,97",,2GGVGCJ4DA,1,API,,2026-08-15 07:43:27,2026-08-15 09:37:39,Gift Card,Hoàn Tất,Tự động,RA-YXLT3MP9XN9YWAG8,"""203178676145077468",,"18,52",GIFTCARD,2GGVGCJ4DA,Tự động,,Hoàn Tất,,
8897682,1786728566268O6CI-1,G1,DoorDash - Gift Card,DoorDash Gift Card USD 40 (US),1,1002425850,"49,7","2,48","47,22",,2PGDDGPZ3R,1,API,qtvtrangdt1,2026-08-15 00:29:27,2026-08-15 14:50:38,Gift Card,Hoàn Tất,Tự động,NAAWGL6VF75B4QMC,"""203178678022840024",,"33,41",GIFTCARD,2PGDDGPZ3R,Tự động,,Hoàn Tất,,
8925785,1786794810194GNNT-1,G1,Rewarble - Gift Card,Ppal Rewarble Gift Card GBP 5 (Global),1,1004299294,"8,39","0,42","7,97",,2PGRPGYVIM,1,API,qtvlinhmp,2026-08-15 18:53:31,2026-08-15 19:35:13,Gift Card,Hoàn Tất,Tự động,IPS8YBPDG1QL1L4B,"""193178679730612037",,"7,27",GIFTCARD,2PGRPGYVIM,Tự động,,Hoàn Tất,,
8925862,1786796410854ER3P-1,G1,Rewarble - Gift Card,Rewarble Gift Cards USD 10 (Global),1,1001773169,"12,5","0,62","11,88",,2PGRGCQU4H,1,API,,2026-08-15 19:20:11,2026-08-15 20:51:48,Gift Card,Hoàn Tất,Tự động,511LB9LH1HKTETSS,"""193178680190451902",,"10,38",GIFTCARD,2PGRGCQU4H,Tự động,,Hoàn Tất,,
8926075,1786801202643MPIM-1,G1,Valorant,MENA 8700 Valorant Points MENA - 80 EUR,1,1004299629,"85,1","4,25","80,85",,2GGVGCGZ2U,1,API,qtvlinhmp,2026-08-15 20:40:03,2026-08-15 21:29:50,Gift Card,Hoàn Tất,Tự động,RA-DJAHCZRGVPG3LHJV,"""193178680418344210",,"73,33",GIFTCARD,2GGVGCGZ2U,Tự động,,Hoàn Tất,,
8929242,1786805664464QAA4-1,G1,Rewarble - Gift Card,Rewarble Gift Card USD 20 (Global),1,1004205958,51,"2,54","48,46",,2PGRGCJ67F,1,API,,2026-08-15 21:54:25,2026-08-15 22:07:25,Gift Card,Hoàn Tất,Tự động,HJBMCMELRZ7U1VG2,"""193178680643842141",,"20,76",GIFTCARD,2PGRGCJ67F,Tự động,,Hoàn Tất,,
8931960,1786837358635SN3B-1,G1,DoorDash - Gift Card,DoorDash Gift Card AUD 150 (AU),1,1002454427,"125,49","6,26","119,23",,2PGDDGF1OQ,1,API,,2026-08-16 06:42:39,2026-08-16 09:59:51,Gift Card,Hoàn Tất,Tự động,NAAX4S5EUMD5HQ5M,"""185178684918271697",,"106,39",GIFTCARD,2PGDDGF1OQ,Tự động,,Hoàn Tất,,
8931757,1786828185975GSXI-1,G1,Rewarble - Gift Card,EU 11000 Valorant Points EU - 100 EUR,1,1000437184,"133,5","7,93","125,57",,2GGVGC7A9Y,1,API,qtvanhltv,2026-08-16 04:09:49,2026-08-16 10:03:03,Gift Card,Hoàn Tất,Tự động,RA-KZ49PGZBBBCH79CP,"""185178684937986956",,"98,17",GIFTCARD,2GGVGC7A9Y,Tự động,,Hoàn Tất,,
8931607,1786822919598J1DZ-1,G1,PayPal Top Up - Gift Card,Paypal Instant Top Up USA - 20 USD,1,1004300865,26,"1,56","24,44",,2PGPTUGNIP,1,API,,2026-08-16 02:42:00,2026-08-16 10:04:25,Gift Card,Hoàn Tất,Tự động,https://activatemycodes.com/aGQ1VkgwWGt2QmFuY25lYytQZG9RRzNlMGs3L2NIKzA2RXdoZkdsQ3NIWWRIRkk2VC9wRE5jQjQ5MWUxWlpGZQ==,"""185178684946186487",,22,GIFTCARD,2PGPTUGNIP,Tự động,,Hoàn Tất,,
8931564,1786819740979ILZB-1,G1,Valorant,EU 2575 Valorant Points EU - 25 EUR,1,1002593239,"30,3","1,51","28,79",,2GGVGCNWWM,1,API,qtvanhltv,2026-08-16 01:49:06,2026-08-16 10:19:46,Gift Card,Hoàn Tất,Tự động,RA-773FQZP34WZ3ZKJR,"""185178685037757250",,"24,7",GIFTCARD,2GGVGCNWWM,Tự động,,Hoàn Tất,,
8933164,1786870932812BJOD-1,G1,Rewarble - Gift Card,Rewarble Mastercard 30 EUR,1,1002044026,43,"2,15","40,85",,2PGRMGW7OW,1,API,,2026-08-16 16:02:14,2026-08-16 16:12:56,Gift Card,Hoàn Tất,Tự động,code-J9Z7H18LRRZ9J553,"""211178687156710987",,"36,24",GIFTCARD,2PGRMGW7OW,Tự động,,Hoàn Tất,,
8932475,1786845096280GQVI-1,G1,PhonePe Gift Card,PhonePe Gift Card 150 INR,1,1003784126,"2,1","0,1",2,,2PGPGCPY3S,1,API,,2026-08-16 08:51:37,2026-08-16 16:37:35,Gift Card,Hoàn Tất,Tự động,563394,"""185178687304736504",,"1,65",GIFTCARD,2PGPGCPY3S,Tự động,,Hoàn Tất,,
8933521,1786884104518GDIE-1,G1,Steam - Gift Card,Steam Wallet 50 USD Global,1,57511,58,"2,89","55,11",,2PGSWCA5KH,1,API,,2026-08-16 19:41:49,2026-08-16 19:48:47,Gift Card,Hoàn Tất,Tự động,MQHFY-W8CVF-MRC7N--M0X62-GIYWZ-ILGTA--Y56AN-AKNCW-MBYT8--N4B0W-VE4KG-HC5DA,"""211178688452071005",,"50,27",GIFTCARD,2PGSWCA5KH,Tự động,,Hoàn Tất,,
8934357,1786911453191F5GK-1,G1,LOL - League of Legends,Riot Points GC 10 Euro,1,1000082988,"13,49","0,81","12,68",,2GGRPGGMK6,1,API,anhnqv,2026-08-17 03:17:34,2026-08-17 09:12:01,Gift Card,Hoàn Tất,Tự động,RA-GPTNLQLJM8ZZSMGA,"""211178693271738681",,"11,46",GIFTCARD,2GGRPGGMK6,Tự động,,Hoàn Tất,,
8934310,1786910239982E0Y4-1,G1,Rewarble - Gift Card,Ppal Rewarble Gift Card USD 5 (Global),1,1002252548,"6,09","0,36","5,73",,2PGRPGC1SQ,1,API,,2026-08-17 02:57:21,2026-08-17 09:13:02,Gift Card,Hoàn Tất,Tự động,7I6W8F89658MDF8B,"""211178693277728475",,"5,37",GIFTCARD,2PGRPGC1SQ,Tự động,,Hoàn Tất,,
8934617,1786925954371NV3G-1,G1,Rewarble - Gift Card,Rewarble Gift Card USD 20 (Global),1,1002186743,25,"1,25","23,75",,2PGRGCJ67F,1,API,,2026-08-17 07:19:15,2026-08-17 09:13:44,Gift Card,Hoàn Tất,Tự động,XFYGS8DCQQR8ZX2T,"""211178693281999130",,"20,76",GIFTCARD,2PGRGCJ67F,Tự động,,Hoàn Tất,,
8932038,1786841438316XBYO-1,G1,Rewarble - Gift Card,Rewarble Super 40 EUR,1,1004301641,57,"2,84","54,16",,2PGRSGO7IG,1,API,,2026-08-16 07:50:40,2026-08-17 09:40:42,Gift Card,Hoàn Tất,Tự động,N2EGP4AKYJN1QI8E,"""211178693443732266",,"49,52",GIFTCARD,2PGRSGO7IG,Tự động,,Hoàn Tất,,
8548842,1784126083006X96C-1,G1,Rewarble - Gift Card,Rewarble Super Gift Card EU - 1 EUR,1,1004187408,"7,99","0,4","7,59",,2PGRSGCD3J,1,API,anhnqv,2026-07-15 21:34:43,2026-08-17 09:49:18,Gift Card,Hoàn Tất,Tự động,JCK6G1DEZ2IZGLQR,"""211178693495434062",,"1,25",GIFTCARD,2PGRSGCD3J,Tự động,,Hoàn Tất,,
8935288,1786951465563EQUV-1,G1,Rewarble - Gift Card,Rewarble Gift Cards EUR 100 (Global),1,1004125342,"141,5","7,06","134,44",,2PGRGC59R3,1,API,,2026-08-17 14:24:26,2026-08-17 14:55:31,Gift Card,Hoàn Tất,Tự động,DMFK8Z8SBVG9TFNI,"""211178695332323961",,"120,19",GIFTCARD,2PGRGC59R3,Tự động,,Hoàn Tất,,
8935536,1786957475076OBLY-1,G1,Rewarble - Gift Card,Rewarble Gift Cards USD 10 (Global),1,1001858534,"12,1","0,6","11,5",,2PGRGCQU4H,1,API,anhnqv,2026-08-17 16:04:36,2026-08-17 16:14:52,Gift Card,Hoàn Tất,Tự động,323GJI9G9UJXXWNR,"""211178695808493899",,"10,38",GIFTCARD,2PGRGCQU4H,Tự động,,Hoàn Tất,,
8935584,1786960227442DSIX-1,G1,Rewarble - Gift Card,MasterCard Rewarble Gift Card USD 25 (Global),1,8314129,31,"1,84","29,16",,,1,API,qtvanhltv,2026-08-17 16:50:28,2026-08-17 17:43:33,Gift Card,Hoàn Tất,Tự động,,,,,,,Thủ công,,,,
8935930,1786970700129BT9Q-1,G1,Touch ‘n Go Gift Card,Touch 'n Go eWallet Reload PIN worth MYR 150 (MY),6,1002491168,"270,54","13,5","257,04",,2PGTGR4KKO,1,API,,2026-08-17 19:45:01,2026-08-17 21:40:58,Gift Card,Hoàn Tất,Tự động,6503390673,"""193178697764814103",,"38,39",GIFTCARD,2PGTGR4KKO,Tự động,,Hoàn Tất,,
8935930,1786970700129BT9Q-1,G1,Touch ‘n Go Gift Card,Touch 'n Go eWallet Reload PIN worth MYR 150 (MY),6,1002491168,0,0,0,,2PGTGR4KKO,1,API,,2026-08-17 19:45:01,2026-08-17 21:40:58,Gift Card,Hoàn Tất,Tự động,1712090891,"""193178697764892555",,"38,39",GIFTCARD,2PGTGR4KKO,Tự động,,Đã up code,,
8935930,1786970700129BT9Q-1,G1,Touch ‘n Go Gift Card,Touch 'n Go eWallet Reload PIN worth MYR 150 (MY),6,1002491168,0,0,0,,2PGTGR4KKO,1,API,,2026-08-17 19:45:01,2026-08-17 21:40:58,Gift Card,Hoàn Tất,Tự động,0009127234,"""193178697764873720",,"38,39",GIFTCARD,2PGTGR4KKO,Tự động,,Đã up code,,
8935930,1786970700129BT9Q-1,G1,Touch ‘n Go Gift Card,Touch 'n Go eWallet Reload PIN worth MYR 150 (MY),6,1002491168,0,0,0,,2PGTGR4KKO,1,API,,2026-08-17 19:45:01,2026-08-17 21:40:58,Gift Card,Hoàn Tất,Tự động,5513096825,"""193178697764855786",,"38,39",GIFTCARD,2PGTGR4KKO,Tự động,,Đã up code,,
8935930,1786970700129BT9Q-1,G1,Touch ‘n Go Gift Card,Touch 'n Go eWallet Reload PIN worth MYR 150 (MY),6,1002491168,0,0,0,,2PGTGR4KKO,1,API,,2026-08-17 19:45:01,2026-08-17 21:40:58,Gift Card,Hoàn Tất,Tự động,9882660278,"""193178697764884801",,"38,39",GIFTCARD,2PGTGR4KKO,Tự động,,Đã up code,,
8935930,1786970700129BT9Q-1,G1,Touch ‘n Go Gift Card,Touch 'n Go eWallet Reload PIN worth MYR 150 (MY),6,1002491168,0,0,0,,2PGTGR4KKO,1,API,,2026-08-17 19:45:01,2026-08-17 21:40:58,Gift Card,Hoàn Tất,Tự động,4282387416,"""193178697764873181",,"38,39",GIFTCARD,2PGTGR4KKO,Tự động,,Đã up code,,
8936107,1786974398728QPXQ-1,G1,Touch ‘n Go Gift Card,Touch 'n Go eWallet Reload PIN worth MYR 10 (MY),1,1002629854,"3,01","0,15","2,86",,2PGTGRYOXL,1,API,,2026-08-17 20:46:39,2026-08-17 22:12:02,Gift Card,Hoàn Tất,Tự động,4110210079,"""193178697951173768",,"2,55",GIFTCARD,2PGTGRYOXL,Tự động,,Hoàn Tất,,
8935877,1786969467022G0WN-1,G1,Steam - Gift Card,Steam Wallet 50 USD Global,1,4178557,58,"3,47","54,53",,2PGSWCA5KH,1,API,qtvlinhmp,2026-08-17 19:24:29,2026-08-17 22:13:40,Gift Card,Hoàn Tất,Tự động,EECDQ-DB8GN-DFQ53--ZFCA4-E9WH4-HD7GB--VKH0I-2MF35-H8LTK--4NGTB-7HGK3-AQECI,"""193178697961619502",,"50,27",GIFTCARD,2PGSWCA5KH,Tự động,,Hoàn Tất,,
8936247,1786976659584CABJ-1,G1,PhonePe Gift Card,PhonePe Gift Card 2500 INR,2,1001273061,"85,8","4,28","81,52",,2PGPGCNIOY,1,API,qtvlinhmp,2026-08-17 21:24:20,2026-08-17 22:52:45,Gift Card,Hoàn Tất,Tự động,009199,"""193178698195691708",,"27,49",GIFTCARD,2PGPGCNIOY,Tự động,,Hoàn Tất,,
8936247,1786976659584CABJ-1,G1,PhonePe Gift Card,PhonePe Gift Card 2500 INR,2,1001273061,0,0,0,,2PGPGCNIOY,1,API,qtvlinhmp,2026-08-17 21:24:20,2026-08-17 22:52:45,Gift Card,Hoàn Tất,Tự động,757488,"""193178698195665854",,"27,49",GIFTCARD,2PGPGCNIOY,Tự động,,Đã up code,,
8944094,1787021385331Q19K-1,G1,Amazon - Gift Card,Amazon Gift Card USD 10 (US),1,1003969063,"11,5","0,57","10,93",,2PGAGCU5SG,1,API,,2026-08-18 09:49:46,2026-08-18 10:12:42,Gift Card,Hoàn Tất,Tự động,SWCS-SW8426-7KA4,"""203178702275248020",,"9,52",GIFTCARD,2PGAGCU5SG,Tự động,,Hoàn Tất,,
8939353,1787012480597ZHIV-1,G1,Rewarble - Gift Card,Rewarble Gift Cards USD 10 (Global),1,1003591555,"12,1","0,6","11,5",,2PGRGCQU4H,1,API,qtvlinhmp,2026-08-18 07:21:21,2026-08-18 10:52:10,Gift Card,Hoàn Tất,Tự động,LFS3VDGYR7RQ9LAB,"""193178702512148973",,"10,38",GIFTCARD,2PGRGCQU4H,Tự động,,Hoàn Tất,,
8944166,1787025159281TBSM-1,G1,Valorant,EU 2575 Valorant Points EU - 25 EUR,1,1000817820,"29,1","1,7","27,4",,2GGVGCNWWM,1,API,,2026-08-18 10:52:40,2026-08-18 11:15:10,Gift Card,Hoàn Tất,Tự động,RA-NRJ6UHRX5NKL3AVB,"""203178702650256725",,"25,32",GIFTCARD,2GGVGCNWWM,Tự động,,Hoàn Tất,,
8938758,1786987881234V87P-1,G1,Valorant,EU 2575 Valorant Points EU - 25 EUR,1,1004308643,"29,7","1,48","28,22",,2GGVGCNWWM,1,API,,2026-08-18 00:31:22,2026-08-18 11:21:13,Gift Card,Hoàn Tất,Tự động,RA-2Q8NERAV8886WQMS,"""203178701856281142",,"25,32",GIFTCARD,2GGVGCNWWM,Tự động,,Hoàn Tất,,
8938758,1786987881234V87P-1,G1,Valorant,EU 2575 Valorant Points EU - 25 EUR,1,1004308643,0,0,0,,2GGVGCNWWM,1,API,,2026-08-18 00:31:22,2026-08-18 11:21:13,Gift Card,Hoàn Tất,Tự động,-RA-2Q8NERAV8886WQMS,"""203178702686587132",,"25,32",GIFTCARD,2GGVGCNWWM,Tự động,,Đã up code,,
8944197,1787026119776NAIF-1,G1,PSN - Gift card,USA PSN Gift Card USD 20 (USA),1,1004310219,"23,7","1,18","22,52",,2PGPNGR6Z7,1,API,,2026-08-18 11:08:40,2026-08-18 11:27:29,Gift Card,Hoàn Tất,Tự động,2TXH-4G7P-E57J,"""193178702724352868",,"18,59",GIFTCARD,2PGPNGR6Z7,Tự động,,Hoàn Tất,,
8938952,1786992038152P38V-1,G1,Steam - Gift Card,US Steam Wallet 25 USD,1,1003270900,30,"1,5","28,5",,2PGSWCEHGO,1,API,,2026-08-18 01:40:39,2026-08-18 12:26:00,Gift Card,Hoàn Tất,Tự động,-7FR0A-Z9WDM-QNBFH--JA52V-DWLMW-Q50BJ,"""203178702868917297",,"25,3",GIFTCARD,2PGSWCEHGO,Tự động,,Hoàn Tất,,
8944351,1787032047882I3U4-1,G1,Valorant - Gift Card,EU 11000 Valorant Points EU - 100 EUR,1,6913398,"130,95","6,53","124,42",,2GGVGC7A9Y,1,API,,2026-08-18 12:47:29,2026-08-18 13:10:39,Gift Card,Hoàn Tất,Tự động,RA-C43US4TL84J6UHRX,"""203178703343029713",,"98,17",GIFTCARD,2GGVGC7A9Y,Tự động,,Hoàn Tất,,
8936488,1786983016568IQO9-1,G1,Zing Code Gift Card,"Zing Code Gift Card 50,000 VND",3,1002795753,"6,87","0,34","6,53",,2PGZCGHMCH,1,API,qtvtrangdt1,2026-08-17 23:10:17,2026-08-18 13:14:02,Gift Card,Hoàn Tất,Tự động,PAZ8X9PKK,"""203178703363654514",,"1,89",GIFTCARD,2PGZCGHMCH,Tự động,,Hoàn Tất,,
8936488,1786983016568IQO9-1,G1,Zing Code Gift Card,"Zing Code Gift Card 50,000 VND",3,1002795753,0,0,0,,2PGZCGHMCH,1,API,qtvtrangdt1,2026-08-17 23:10:17,2026-08-18 13:14:02,Gift Card,Hoàn Tất,Tự động,9R2KAMPBT,"""203178703363685255",,"1,89",GIFTCARD,2PGZCGHMCH,Tự động,,Đã up code,,
8936488,1786983016568IQO9-1,G1,Zing Code Gift Card,"Zing Code Gift Card 50,000 VND",3,1002795753,0,0,0,,2PGZCGHMCH,1,API,qtvtrangdt1,2026-08-17 23:10:17,2026-08-18 13:14:02,Gift Card,Hoàn Tất,Tự động,KX6B88WKD,"""203178703363661250",,"1,89",GIFTCARD,2PGZCGHMCH,Tự động,,Đã up code,,
8944620,1787041268866Y76K-1,G1,Rewarble - Gift Card,Rewarble Gift Cards USD 30 (Global),1,1003343877,40,"2,4","37,6",,2PGRGCODLD,1,API,qtvtrangdt1,2026-08-18 15:21:10,2026-08-18 15:40:25,Gift Card,Hoàn Tất,Tự động,X4XQR3Q9K1MASM4M,"""203178704241864376",,"31,14",GIFTCARD,2PGRGCODLD,Tự động,,Hoàn Tất,,
8944617,1787041178691Q6D9-1,G1,Rewarble - Gift Card,Rewarble Gift Cards USD 10 (Global),4,1002089267,"49,8","2,49","47,31",,2PGRGCQU4H,1,API,,2026-08-18 15:19:39,2026-08-18 15:42:01,Gift Card,Hoàn Tất,Tự động,J7UU946SZ281H9RC,"""203178704251491023",,"10,38",GIFTCARD,2PGRGCQU4H,Tự động,,Hoàn Tất,,
8944617,1787041178691Q6D9-1,G1,Rewarble - Gift Card,Rewarble Gift Cards USD 10 (Global),4,1002089267,0,0,0,,2PGRGCQU4H,1,API,,2026-08-18 15:19:39,2026-08-18 15:42:01,Gift Card,Hoàn Tất,Tự động,TXC3FZVDERQCGUEY,"""203178704251424556",,"10,38",GIFTCARD,2PGRGCQU4H,Tự động,,Đã up code,,
8944617,1787041178691Q6D9-1,G1,Rewarble - Gift Card,Rewarble Gift Cards USD 10 (Global),4,1002089267,0,0,0,,2PGRGCQU4H,1,API,,2026-08-18 15:19:39,2026-08-18 15:42:01,Gift Card,Hoàn Tất,Tự động,1YGEIF6TVK3HNUYL,"""203178704251480577",,"10,38",GIFTCARD,2PGRGCQU4H,Tự động,,Đã up code,,
8944617,1787041178691Q6D9-1,G1,Rewarble - Gift Card,Rewarble Gift Cards USD 10 (Global),4,1002089267,0,0,0,,2PGRGCQU4H,1,API,,2026-08-18 15:19:39,2026-08-18 15:42:01,Gift Card,Hoàn Tất,Tự động,BVWSN4E4MELCWTWN,"""203178704251445082",,"10,38",GIFTCARD,2PGRGCQU4H,Tự động,,Đã up code,,
8944771,1787046866252Q4PL-1,G1,Valorant,EU 5350 Valorant Points EU - 50 EUR,1,1000488751,"60,9","3,68","57,22",,2GGVGC47WF,1,API,qtvlinhmp,2026-08-18 16:54:27,2026-08-18 17:23:56,Gift Card,Hoàn Tất,Tự động,RA-QB49PG3LKSX3AXLX,"""193178704863363021",,"49,09",GIFTCARD,2GGVGC47WF,Tự động,,Hoàn Tất,,
8944940,1787052305531KGHX-1,G1,Valorant,EU 2575 Valorant Points EU - 25 EUR,1,1002547107,"33,1","2,03","31,07",,2GGVGCNWWM,1,API,qtvlinhmp,2026-08-18 18:25:06,2026-08-18 18:56:35,Gift Card,Hoàn Tất,Tự động,RA-3UUFDAZYHCW87XWH,"""193178705419067934",,"24,7",GIFTCARD,2GGVGCNWWM,Tự động,,Hoàn Tất,,
8945071,1787056542461HFLY-1,G1,Rewarble - Gift Card,Rewarble Super Gift Card EU - 30 EUR,1,1004125342,"42,5","2,12","40,38",,2PGRSG0RQW,1,API,,2026-08-18 19:35:43,2026-08-18 20:09:07,Gift Card,Hoàn Tất,Tự động,NTVLYV6SDAW189GI,"""211178705854369997",,"37,32",GIFTCARD,2PGRSG0RQW,Tự động,,Hoàn Tất,,
8945020,1787054725265F2H3-1,G1,Valorant,MENA 8700 Valorant Points MENA - 80 EUR,1,1000394121,"85,1","4,25","80,85",,2GGVGCGZ2U,1,API,,2026-08-18 19:05:26,2026-08-18 20:32:53,Gift Card,Hoàn Tất,Tự động,RA-HK5LDUS6775SAQKE,"""211178705996762327",,"73,33",GIFTCARD,2GGVGCGZ2U,Tự động,,Hoàn Tất,,
8946230,1787095323296E88S-1,G1,Valorant,Australia 100 Valorant Points AUD,1,1002458554,"79,99","3,99",76,,2GGVGCZAF5,1,API,,2026-08-19 06:22:04,2026-08-19 08:28:23,Gift Card,Hoàn Tất,Tự động,RA-YG7ALSX22VZ49PDJ,"""203178710289825366",,"70,08",GIFTCARD,2GGVGCZAF5,Tự động,,Hoàn Tất,,
8945607,1787073159580G5B8-1,G1,Rewarble - Gift Card,Ppal Rewarble Gift Card EUR 5 (Global),1,1002556521,"7,2","0,43","6,77",,2PGRPG5F6I,1,API,,2026-08-19 00:12:40,2026-08-19 08:51:02,Gift Card,Hoàn Tất,Tự động,KLJV2U7N5UBXTWL2,"""203178710425396648",,"6,22",GIFTCARD,2PGRPG5F6I,Tự động,,Hoàn Tất,,
8946034,1787088468014URAN-1,G1,Rewarble - Gift Card,Rewarble Gift Cards USD 25 (Global),1,7631156,"33,5","2,1","31,4",,2PGRGCUEIS,1,API,qtvtrangdt1,2026-08-19 04:27:49,2026-08-19 08:54:03,Gift Card,Hoàn Tất,Tự động,WR4D2N4PX3C8UVGI,"""203178710443790507",,"25,95",GIFTCARD,2PGRGCUEIS,Tự động,,Hoàn Tất,,
8945849,1787080836214QHDS-1,G1,PayPal Top Up - Gift Card,Paypal Wallet Top Up CAD 5 (Global),1,1002773146,"5,64","0,28","5,36",,2PGPTUDM87,1,API,qtvtrangdt1,2026-08-19 02:20:37,2026-08-19 09:04:55,Gift Card,Hoàn Tất,Tự động,https://activatemycodes.com/RXJRamdzditGZjliTTl0TklEcU0yMU84RXY3VnJqdXAycURKa21XWEdtdWc5RFplbkdwREk2amJPSFE4ckxKNg==,"""203178710508669432",,"3,92",GIFTCARD,2PGPTUDM87,Tự động,,Hoàn Tất,,
8946618,1787106361195LNK6-1,G1,Valorant,NA 11000 Valorant Points NA - 100 USD Card,1,8236279,104,"5,19","98,81",,2GGVGCINJB,1,API,,2026-08-19 09:26:07,2026-08-19 09:50:40,Gift Card,Hoàn Tất,Tự động,RA-6TAQKBP7MBDNXEX9,"""203178710783350072",,"92,6",GIFTCARD,2GGVGCINJB,Tự động,,Hoàn Tất,,
8946030,1787087430699RFD6-1,G1,Rewarble - Gift Card,Rewarble PayPal EU - 25 EUR,1,1004313340,"36,5","2,18","34,32",,2PGRPGY2S9,1,API,qtvtrangdt1,2026-08-19 04:10:31,2026-08-19 11:12:13,Gift Card,Hoàn Tất,Tự động,UG4D6ZFXI7DEHWW5,"""203178711272799530",,"31,1",GIFTCARD,2PGRPGY2S9,Tự động,,Hoàn Tất,,
8947053,1787124786996JLGF-1,G1,Valorant - Gift Card,EU 11000 Valorant Points EU - 100 EUR,1,1000821771,131,"7,98","123,02",,2GGVGC7A9Y,1,API,,2026-08-19 14:33:08,2026-08-19 14:53:13,Gift Card,Hoàn Tất,Tự động,RA-JE9RR8L4EHZ7RVT7,"""193178712598826514",,"98,17",GIFTCARD,2GGVGC7A9Y,Tự động,,Hoàn Tất,,
8946322,1787102717241K2CI-1,G1,Rewarble - Gift Card,Rewarble Super 20 GBP,1,1004310133,"32,4","1,94","30,46",,2PGRSG84TG,1,API,anhnqv,2026-08-19 08:25:18,2026-08-19 16:58:29,Gift Card,Hoàn Tất,Tự động,78NUBALGHVECBBC7,"""211178713350475402",,"28,13",GIFTCARD,2PGRSG84TG,Tự động,,Hoàn Tất,,
8947324,1787132276334JTEA-1,G1,Valorant,EU 5350 Valorant Points EU - 50 EUR,1,1003873709,"60,9","3,74","57,16",,2GGVGC47WF,1,API,,2026-08-19 16:37:57,2026-08-19 16:59:30,Gift Card,Hoàn Tất,Tự động,RA-8RTNG5X5GQYG4TGM,"""211178713356533154",,"49,09",GIFTCARD,2GGVGC47WF,Tự động,,Hoàn Tất,,
8946248,1787098338821ECM3-1,G1,Apple - Gift Card,US App Store / iTunes Gift Card 500 USD,1,1004186717,"513,59","25,63","487,96",,2PGAGCXMLA,1,API,,2026-08-19 07:12:19,2026-08-19 17:26:57,Gift Card,Hoàn Tất,Tự động,XRN9JL2LHKD5N8W7,"""211178713521231328",,"482,13",GIFTCARD,2PGAGCXMLA,Tự động,,Hoàn Tất,,
8947506,1787137162269RPBS-1,G1,Valorant,EU 2575 Valorant Points EU - 25 EUR,1,1000717269,"33,1","1,98","31,12",,2GGVGCNWWM,1,API,anhnqv,2026-08-19 17:59:23,2026-08-19 18:19:15,Gift Card,Hoàn Tất,Tự động,RA-M38L4FNREK9DUT8F,"""211178713834271005",,"25,24",GIFTCARD,2GGVGCNWWM,Tự động,,Hoàn Tất,,
8947537,1787137878444WZ1B-1,G1,Valorant - Gift Card,EU 11000 Valorant Points EU - 100 EUR,1,1002470166,131,"6,54","124,46",,2GGVGC7A9Y,1,API,,2026-08-19 18:11:19,2026-08-19 18:19:46,Gift Card,Hoàn Tất,Tự động,RA-TS9LWKU75VQNV73E,"""211178713838299448",,"96,41",GIFTCARD,2GGVGC7A9Y,Tự động,,Hoàn Tất,,
8954197,1787140340316E253-1,G1,Valorant,EU 1000 Valorant Points EU - 10 EUR,1,1000717269,"12,4","0,74","11,66",,2GGVGC1AY7,1,API,anhnqv,2026-08-19 18:52:21,2026-08-19 19:19:04,Gift Card,Hoàn Tất,Tự động,RA-CV5NMXLWE2REGWSZ,"""211178714132130885",,"10,12",GIFTCARD,2GGVGC1AY7,Tự động,,Hoàn Tất,,
8954334,1787144141053O42B-1,G1,Valorant,EU 8700 Valorant Points EU - 80 EUR,1,6669165,"103,5","5,16","98,34",,2GGVGC9IZ2,1,API,anhnqv,2026-08-19 19:55:41,2026-08-19 20:06:57,Gift Card,Hoàn Tất,Tự động,RA-8KVD4YBFZFVS2J9F,"""211178714480442770",,"89,1",GIFTCARD,2GGVGC9IZ2,Tự động,,Hoàn Tất,,
8954375,1787144761499GYZG-1,G1,Valorant - Gift Card,EU 11000 Valorant Points EU - 100 EUR,1,1002570967,131,"7,91","123,09",,2GGVGC7A9Y,1,API,anhnqv,2026-08-19 20:06:02,2026-08-19 20:11:28,Gift Card,Hoàn Tất,Tự động,RA-QXBEUS4WXPCESDB5,"""211178714508013299",,"96,41",GIFTCARD,2GGVGC7A9Y,Tự động,,Hoàn Tất,,
8954660,1787149967461Z0ER-1,G1,Rewarble - Gift Card,Rewarble Gift Cards USD 100 (Global),1,1001648667,286,"17,12","268,88",,2PGRGCNHTT,1,API,qtvlinhmp,2026-08-19 21:32:48,2026-08-19 21:58:44,Gift Card,Hoàn Tất,Tự động,GSDGW1KKZPEAE46R,"""193178715151957073",,"103,79",GIFTCARD,2PGRGCNHTT,Tự động,,Hoàn Tất,,
8968755,1787185136119HR63-1,G1,Valorant,NA 2575 Valorant Points NA- 25 USD Card,1,1001818871,"27,01","1,62","25,39",,2GGVGCO9SR,1,API,qtvanhltv,2026-08-20 07:18:57,2026-08-20 09:57:39,Gift Card,Hoàn Tất,Tự động,RA-3VWM5FLF662EQ6AR,"""185178719465063642",,"23,55",GIFTCARD,2GGVGCO9SR,Tự động,,Hoàn Tất,,
8954792,1787153990346MK2H-1,G1,Rewarble - Gift Card,Rewarble Super Gift Card UK - 30 GBP,1,1004316127,51,"3,05","47,95",,2PGRSGSQLY,1,API,,2026-08-19 22:39:56,2026-08-20 10:18:28,Gift Card,Hoàn Tất,Tự động,RREYLMB6PHX8PBMH,"""185178719590187435",,"42,35",GIFTCARD,2PGRSGSQLY,Tự động,,Hoàn Tất,,
8968744,1787182127283XWGV-1,G1,Valorant - Gift Card,EU 11000 Valorant Points EU - 100 EUR,1,1002470166,"130,95","6,53","124,42",,2GGVGC7A9Y,1,API,,2026-08-20 06:28:58,2026-08-20 10:22:12,Gift Card,Hoàn Tất,Tự động,RA-9QJCSNN34YAABG4S,"""185178719612670732",,"96,41",GIFTCARD,2GGVGC7A9Y,Tự động,,Hoàn Tất,,
8975741,1787202754725Z3MH-1,G1,Touch ‘n Go Gift Card,Touch 'n Go eWallet Reload PIN worth MYR 10 (MY),1,1003192659,"3,01","0,15","2,86",,2PGTGRYOXL,1,API,,2026-08-20 12:12:36,2026-08-20 12:57:36,Gift Card,Hoàn Tất,Tự động,8548867186,"""185178720544714728",,"2,55",GIFTCARD,2PGTGRYOXL,Tự động,,Hoàn Tất,,
8975875,1787206705329VRP3-1,G1,Valorant - Gift Card,EU 11000 Valorant Points EU - 100 EUR,1,5292145,"130,95","7,84","123,11",,2GGVGC7A9Y,1,API,qtvlinhmp,2026-08-20 13:18:26,2026-08-20 14:08:55,Gift Card,Hoàn Tất,Tự động,RA-2453MN8UCV6TBV5S,"""193178720972741579",,"99,7",GIFTCARD,2GGVGC7A9Y,Tự động,,Hoàn Tất,,
8976232,1787217458949IB8N-1,G1,Amazon - Gift Card,Amazon Gift Card 20 GBP United Kingdom,1,1003366528,"32,4","1,62","30,78",,2PGAGCVUFN,1,API,qtvlinhmp,2026-08-20 16:17:44,2026-08-20 17:18:48,Gift Card,Hoàn Tất,Tự động,https://spend.runa.io/-/7584051c-f737-48e2-9291-8ffd29cee018,"""193178722112330256",,"27,98",GIFTCARD,2PGAGCVUFN,Tự động,,Hoàn Tất,,
8976602,1787226057027AACM-1,G1,Valorant,EU 3650 Valorant Points EU - 35 EUR,1,1003549959,"43,95","2,63","41,32",,2GGVGC7976,1,API,,2026-08-20 18:40:58,2026-08-20 19:51:20,Gift Card,Hoàn Tất,Tự động,RA-JJRY93CA4DCBA6NL,"""193178723027243127",,"38,78",GIFTCARD,2GGVGC7976,Tự động,,Hoàn Tất,,
8976625,1787226967176K4XU-1,G1,Valorant,EU 3650 Valorant Points EU - 35 EUR,1,1003549959,"43,95","2,63","41,32",,2GGVGC7976,1,API,qtvlinhmp,2026-08-20 18:56:08,2026-08-20 20:06:19,Gift Card,Hoàn Tất,Tự động,RA-8XRNRLG9M6JZ49PG,"""193178723117548546",,"38,78",GIFTCARD,2GGVGC7976,Tự động,,Hoàn Tất,,
8882734,1786666224308FUKK-1,G1,Amazon - Gift Card,Amazon Gift Card USD 5 (US),1,1004286823,"6,1","0,3","5,8",,2PGAGCJ7IP,1,API,,2026-08-14 07:10:30,2026-08-20 22:13:29,Gift Card,Hoàn Tất,Tự động,7FDREF5Z98RWAB,"""211178723879893028",,"4,39",GIFTCARD,2PGAGCJ7IP,Tự động,,Hoàn Tất,,
8977055,1787237291923B15X-1,G1,Valorant,EU 2575 Valorant Points EU - 25 EUR,1,1002653298,"33,1",2,"31,1",,2GGVGCNWWM,1,API,,2026-08-20 21:48:13,2026-08-20 22:43:19,Gift Card,Hoàn Tất,Tự động,RA-UMCHBRLGBU3J6WU9,"""211178724059070486",,"25,16",GIFTCARD,2GGVGCNWWM,Tự động,,Hoàn Tất,,
8977906,1787264288528V2ZS-1,G1,Valorant - Gift Card,UK Valorant Point UK - 35 GBP,1,1001728919,"51,9","2,59","49,31",,2GGVGCT8BT,1,API,qtvtrangdt1,2026-08-21 05:18:09,2026-08-21 08:40:03,Gift Card,Hoàn Tất,Tự động,RA-KHHS52G2FUMBDQ9U,"""203178727639559462",,"46,38",GIFTCARD,2GGVGCT8BT,Tự động,,Hoàn Tất,,
8977860,1787262797773UPBN-1,G1,Valorant,EU 3650 Valorant Points EU - 35 EUR,1,1001728919,"43,95","2,19","41,76",,2GGVGC7976,1,API,,2026-08-21 04:53:20,2026-08-21 08:41:43,Gift Card,Hoàn Tất,Tự động,RA-X6TAPB8VHK4FPSPT,"""203178727649696530",,"34,97",GIFTCARD,2GGVGC7976,Tự động,,Hoàn Tất,,
8977743,1787257458921MNCO-1,G1,Valorant,EU 2575 Valorant Points EU - 25 EUR,1,8543640,"33,1","2,1",31,,2GGVGCNWWM,1,API,,2026-08-21 03:24:20,2026-08-21 08:44:44,Gift Card,Hoàn Tất,Tự động,RA-GD57CUZ5B2YEX7VJ,"""203178727667884544",,"25,16",GIFTCARD,2GGVGCNWWM,Tự động,,Hoàn Tất,,
8977740,1787257191712A187-1,G1,Valorant,EU 3650 Valorant Points EU - 35 EUR,1,1002349439,"43,95","2,61","41,34",,2GGVGC7976,1,API,,2026-08-21 03:19:52,2026-08-21 08:49:43,Gift Card,Hoàn Tất,Tự động,RA-NP5CZSK86UKWN9YX,"""203178727697857514",,"34,97",GIFTCARD,2GGVGC7976,Tự động,,Hoàn Tất,,
8977976,1787267376814EQ50-1,G1,Valorant,EU 3650 Valorant Points EU - 35 EUR,1,1001331195,"43,95","2,63","41,32",,2GGVGC7976,1,API,qtvtrangdt1,2026-08-21 06:09:37,2026-08-21 10:23:13,Gift Card,Hoàn Tất,Tự động,RA-AYU3GVNEVVE8KXQJ,"""203178728258889426",,"34,98",GIFTCARD,2GGVGC7976,Tự động,,Hoàn Tất,,
8985373,1787301083025OPYK-1,G1,Valorant,EU 5350 Valorant Points EU - 50 EUR,1,1002114688,"60,8","3,64","57,16",,2GGVGC47WF,1,API,,2026-08-21 15:31:24,2026-08-21 15:50:01,Gift Card,Hoàn Tất,Tự động,RA-TBWCNZUWQLM2YG64,"""203178730219629962",,"49,86",GIFTCARD,2GGVGC47WF,Tự động,,Hoàn Tất,,
8985483,1787304982225OFR5-1,G1,Rewarble - Gift Card,Rewarble Gift Card USD 20 (Global),1,1003147286,25,"1,25","23,75",,2PGRGCJ67F,1,API,anhnqv,2026-08-21 16:36:23,2026-08-21 16:50:41,Gift Card,Hoàn Tất,Tự động,44BRZV2HEY6B4HKT,"""211178730583369019",,"20,76",GIFTCARD,2PGRGCJ67F,Tự động,,Hoàn Tất,,
8985590,1787307713794ONL9-1,G1,Amazon - Gift Card,Amazon Gift Card USD 50 (US),1,1002199207,86,"5,11","80,89",,2PGAGCDJW7,1,API,anhnqv,2026-08-21 17:21:54,2026-08-21 17:39:57,Gift Card,Hoàn Tất,Tự động,ZRZD-8R948Q-2WA5,"""211178730879012886",,"44,04",GIFTCARD,2PGAGCDJW7,Tự động,,Hoàn Tất,,
8985659,1787309536911QWA1-1,G1,LOL - League of Legends,Riot Points GC 10 Euro,1,1001815046,"13,49","0,8","12,69",,2GGRPGGMK6,1,API,,2026-08-21 17:52:17,2026-08-21 18:05:21,Gift Card,Hoàn Tất,Tự động,RA-KVGEC8RWYWDW5LEZ,"""211178731031637107",,"11,57",GIFTCARD,2GGRPGGMK6,Tự động,,Hoàn Tất,,
8985681,1787309770322WF09-1,G1,Razer Gold - Gift Card,Razer Gold 15 USD | USA,1,7030843,"17,5","0,87","16,63",,2PGRGPL4L7,1,API,,2026-08-21 17:56:15,2026-08-21 18:14:15,Gift Card,Hoàn Tất,Tự động,41631203331534,"""211178731085020512",,"15,25",GIFTCARD,2PGRGPL4L7,Tự động,,Hoàn Tất,,
8986259,1787324259423N4IF-1,G1,PSN - Gift card,India PSN gift card India 3000 INR,1,5966640,"47,5","2,37","45,13",,2PGPNGL6ZS,1,API,anhnqv,2026-08-21 21:57:40,2026-08-21 22:40:07,Gift Card,Hoàn Tất,Tự động,3P5T-A6NJ-GGAP,"""211178732680193603",,"36,25",GIFTCARD,2PGPNGL6ZS,Tự động,,Hoàn Tất,,
8986416,1787328156826RHVA-1,G1,Xbox - Gift Card,XBOX GIFT CARD 15 USD,1,1004085876,"15,1","0,75","14,35",,2PGXGCC5DG,1,API,anhnqv,2026-08-21 23:02:37,2026-08-21 23:27:05,Gift Card,Hoàn Tất,Tự động,MVMW4-PW9M9-7DCQP-9GH46-KXT9Z,"""211178732962055594",,"13,15",GIFTCARD,2PGXGCC5DG,Tự động,,Hoàn Tất,,
8986567,1787331830472QXBM-1,G1,PSN - Gift card,USA PSN Gift Card USD 25 (USA),1,1004321240,"25,1","1,25","23,85",,2PGPNG0Q96,1,API,,2026-08-22 00:03:51,2026-08-22 09:50:21,Gift Card,Hoàn Tất,Tự động,9CMH-TBJ4-4RG7,"""211178736701255027",,"21,97",GIFTCARD,2PGPNG0Q96,Tự động,,Hoàn Tất,,
8987282,1787357432025BVYB-1,G1,DoorDash - Gift Card,DoorDash Gift Card AUD 100 (AU),1,1002454427,"86,9","4,34","82,56",,2PGDDG1CJY,1,API,,2026-08-22 07:10:33,2026-08-22 11:32:57,Gift Card,Hoàn Tất,Tự động,NAAX4DW9HQCXSNP2,"""211178737316970704",,"71,84",GIFTCARD,2PGDDG1CJY,Tự động,,Hoàn Tất,,
9001596,1787390586656QYF6-1,G1,Rewarble - Gift Card,Rewarble PayPal EU - 5 EUR,1,1000051388,"7,2","0,36","6,84",,2PGRPGY8D6,1,API,qtvanhltv,2026-08-22 16:23:07,2026-08-22 16:46:12,Gift Card,Hoàn Tất,Tự động,U4SUS5A6Y39SZPL7,"""185178739196347699",,"6,27",GIFTCARD,2PGRPGY8D6,Tự động,,Hoàn Tất,,
8987256,1787353390892O5HV-1,G1,Rewarble - Gift Card,Rewarble Mastercard 40 USD,1,1003655393,49,"2,45","46,55",,2PGRMG01TT,1,API,qtvlinhmp,2026-08-22 06:03:12,2026-08-22 21:10:35,Gift Card,Hoàn Tất,Tự động,BRQKC8PQJLBYDIFW,"""193178740782592097",,"43,09",GIFTCARD,2PGRMG01TT,Tự động,,Hoàn Tất,,
9002454,1787417159137DK18-1,G1,Valorant,EU 2575 Valorant Points EU - 25 EUR,1,1002857465,"33,1","1,98","31,12",,2GGVGCNWWM,1,API,qtvlinhmp,2026-08-22 23:46:00,2026-08-22 23:55:26,Gift Card,Hoàn Tất,Tự động,RA-H3MPA259KT5XZWAG,"""193178741772294721",,"25,16",GIFTCARD,2GGVGCNWWM,Tự động,,Hoàn Tất,,
9002897,1787430851055PFBY-1,G1,Valorant,EU 5350 Valorant Points EU - 50 EUR,1,1000236618,"60,5","3,02","57,48",,2GGVGC47WF,1,API,anhnqv,2026-08-23 03:34:11,2026-08-23 09:16:14,Gift Card,Hoàn Tất,Tự động,RA-UD5ASR53Q7FFLCRE,"""211178745136619854",,"49,86",GIFTCARD,2GGVGC47WF,Tự động,,Hoàn Tất,,
9002891,1787430436351PINY-1,G1,Rewarble - Gift Card,Rewarble Gift Cards EUR 10 (Global),1,1004328315,"14,3","0,85","13,45",,2PGRGCONWV,1,API,,2026-08-23 03:27:17,2026-08-23 09:19:33,Gift Card,Hoàn Tất,Tự động,6HPR2QZ6MBPH9H3W,"""211178745156976891",,"12,13",GIFTCARD,2PGRGCONWV,Tự động,,Hoàn Tất,,
9002568,1787420838364CO2T-1,G1,Amazon - Gift Card,Amazon Gift Card USD 20 (US),1,1003613926,"22,2","1,11","21,09",,2PGAGCQQNO,1,API,,2026-08-23 00:47:19,2026-08-23 09:20:14,Gift Card,Hoàn Tất,Tự động,TQ8N-VAYPFT-36A5,"""211178745161070393",,"19,24",GIFTCARD,2PGAGCQQNO,Tự động,,Hoàn Tất,,
9003382,1787452548821Y22V-1,G1,Amazon - Gift Card,Amazon Gift Card USD 35 (US),1,1004329203,"37,5","1,87","35,63",,2PGAGCZRQW,1,API,anhnqv,2026-08-23 09:35:49,2026-08-23 09:44:06,Gift Card,Hoàn Tất,Tự động,NVH4-EEDHZX-S8AT,"""211178745303670566",,"30,23",GIFTCARD,2PGAGCZRQW,Tự động,,Hoàn Tất,,
9003384,1787452648512HVP6-1,G1,Valorant - Gift Card,EU 11000 Valorant Points EU - 100 EUR,1,1003892545,"127,95","7,66","120,29",,2GGVGC7A9Y,1,API,,2026-08-23 09:37:29,2026-08-23 09:52:23,Gift Card,Hoàn Tất,Tự động,RA-9T4SAV885PTPRHVQ,"""211178745353655212",,"99,7",GIFTCARD,2GGVGC7A9Y,Tự động,,Hoàn Tất,,
9003331,1787450604653JGXN-1,G1,Valorant,EU 2575 Valorant Points EU - 25 EUR,1,1004329145,"33,7","1,68","32,02",,2GGVGCNWWM,1,API,,2026-08-23 09:03:25,2026-08-23 09:53:06,Gift Card,Hoàn Tất,Tự động,RA-ZFX38NDLN5HTBU2A,"""211178745358184135",,"25,16",GIFTCARD,2GGVGCNWWM,Tự động,,Hoàn Tất,,
9003395,1787453309926F7CX-1,G1,Valorant,NA 2575 Valorant Points NA- 25 USD Card,1,1004103139,"27,01","1,35","25,66",,2GGVGCO9SR,1,API,,2026-08-23 09:48:31,2026-08-23 10:31:23,Gift Card,Hoàn Tất,Tự động,RA-63KDYEVVGHVKVE6B,"""211178745587491579",,"22,91",GIFTCARD,2GGVGCO9SR,Tự động,,Hoàn Tất,,
9003908,1787475488250PO5C-1,G1,Rewarble - Gift Card,Rewarble Gift Cards USD 10 (Global),2,1002089267,25,"1,25","23,75",,2PGRGCQU4H,1,API,,2026-08-23 15:58:14,2026-08-23 16:26:56,Gift Card,Hoàn Tất,Tự động,F7UGNA4DVK3K2TDW,"""211178747721072662",,"10,38",GIFTCARD,2PGRGCQU4H,Tự động,,Hoàn Tất,,
9003908,1787475488250PO5C-1,G1,Rewarble - Gift Card,Rewarble Gift Cards USD 10 (Global),2,1002089267,0,0,0,,2PGRGCQU4H,1,API,,2026-08-23 15:58:14,2026-08-23 16:26:56,Gift Card,Hoàn Tất,Tự động,F3D2CSTX8I35HM7U,"""211178747721072485",,"10,38",GIFTCARD,2PGRGCQU4H,Tự động,,Đã up code,,
9003933,1787475659914K3HM-1,G1,Rewarble - Gift Card,Rewarble Gift Card USD 20 (Global),1,1003366598,25,"1,25","23,75",,2PGRGCJ67F,1,API,anhnqv,2026-08-23 16:01:00,2026-08-23 16:28:39,Gift Card,Hoàn Tất,Tự động,QDW6XU9IQFF333UL,"""211178747731433043",,"20,76",GIFTCARD,2PGRGCJ67F,Tự động,,Hoàn Tất,,
9004905,1787504669291VQVR-1,G1,Amazon - Gift Card,Amazon Gift Card USD 10 (US),1,1001820355,"11,6","0,74","10,86",,2PGAGCU5SG,1,API,,2026-08-24 00:04:30,2026-08-24 09:06:15,Gift Card,Hoàn Tất,Tự động,6LJU-HCV2GP-RAAX,"""203178753717095538",,"8,86",GIFTCARD,2PGAGCU5SG,Tự động,,Hoàn Tất,,
9004914,1787505269357ESTU-1,G1,Rewarble - Gift Card,Rewarble Gift Cards USD 10 (Global),5,1002089267,62,"3,09","58,91",,2PGRGCQU4H,1,API,qtvtrangdt1,2026-08-24 00:14:30,2026-08-24 09:09:34,Gift Card,Hoàn Tất,Tự động,I4N9HAZWLK4DLK89,"""203178753736893982",,"10,38",GIFTCARD,2PGRGCQU4H,Tự động,,Hoàn Tất,,
9004914,1787505269357ESTU-1,G1,Rewarble - Gift Card,Rewarble Gift Cards USD 10 (Global),5,1002089267,0,0,0,,2PGRGCQU4H,1,API,qtvtrangdt1,2026-08-24 00:14:30,2026-08-24 09:09:34,Gift Card,Hoàn Tất,Tự động,UU6JX5IUY74H2IN4,"""203178753736828330",,"10,38",GIFTCARD,2PGRGCQU4H,Tự động,,Đã up code,,
9004914,1787505269357ESTU-1,G1,Rewarble - Gift Card,Rewarble Gift Cards USD 10 (Global),5,1002089267,0,0,0,,2PGRGCQU4H,1,API,qtvtrangdt1,2026-08-24 00:14:30,2026-08-24 09:09:34,Gift Card,Hoàn Tất,Tự động,Z73K3SG9C3AHHR52,"""203178753736846652",,"10,38",GIFTCARD,2PGRGCQU4H,Tự động,,Đã up code,,
9004914,1787505269357ESTU-1,G1,Rewarble - Gift Card,Rewarble Gift Cards USD 10 (Global),5,1002089267,0,0,0,,2PGRGCQU4H,1,API,qtvtrangdt1,2026-08-24 00:14:30,2026-08-24 09:09:34,Gift Card,Hoàn Tất,Tự động,J62BFIJ9A16TNEP3,"""203178753736831463",,"10,38",GIFTCARD,2PGRGCQU4H,Tự động,,Đã up code,,
9004914,1787505269357ESTU-1,G1,Rewarble - Gift Card,Rewarble Gift Cards USD 10 (Global),5,1002089267,0,0,0,,2PGRGCQU4H,1,API,qtvtrangdt1,2026-08-24 00:14:30,2026-08-24 09:09:34,Gift Card,Hoàn Tất,Tự động,NZYJEAXNZCJV5623,"""203178753736821183",,"10,38",GIFTCARD,2PGRGCQU4H,Tự động,,Đã up code,,
9006068,1787551091681UCH6-1,G1,Bit Cash,"BitCash Gift Card JPY 20,000 (JP)",1,1004323134,"186,8","9,32","177,48",,2PGBGC9RMB,1,API,qtvtrangdt1,2026-08-24 12:58:12,2026-08-24 13:43:17,Gift Card,Hoàn Tất,Tự động,ねみれほるそにもこれてくわこすせ,"""203178755378842243",,"130,56",GIFTCARD,2PGBGC9RMB,Tự động,,Hoàn Tất,,
9005544,1787526140799QJB7-1,G1,Amazon - Gift Card,Amazon Gift Card 25 GBP United Kingdom,1,1003366528,"39,84","1,99","37,85",,2PGAGCYO33,1,API,qtvtrangdt1,2026-08-24 06:02:21,2026-08-24 13:46:26,Gift Card,Hoàn Tất,Tự động,AQKW-W5F5US-3D3BU,"""203178755398053286",,"35,04",GIFTCARD,2PGAGCYO33,Tự động,,Hoàn Tất,,
9006158,1787554510550T8T1-1,G1,Rewarble - Gift Card,Rewarble Gift Cards USD 30 (Global),1,1003311942,"37,99","1,9","36,09",,2PGRGCODLD,1,API,qtvtrangdt1,2026-08-24 13:55:11,2026-08-24 14:10:03,Gift Card,Hoàn Tất,Tự động,KN4LKHYDGCDYAT6C,"""203178755539489643",,"31,14",GIFTCARD,2PGRGCODLD,Tự động,,Hoàn Tất,,
9006214,1787555366879RCAN-1,G1,Valorant,EU 2050 Valorant Points EU - 20 EUR,1,1003624762,"26,3","1,56","24,74",,2GGVGC9OVX,1,API,,2026-08-24 14:09:27,2026-08-24 14:42:17,Gift Card,Hoàn Tất,Tự động,RA-HS9N6MDNZREMKPH5,"""203178755733347502",,"20,25",GIFTCARD,2GGVGC9OVX,Tự động,,Hoàn Tất,,
9006474,1787562708731SXM3-1,G1,Amazon - Gift Card,Amazon Gift Card 20 GBP United Kingdom,1,1003366528,"32,4","1,62","30,78",,2PGAGCVUFN,1,API,anhnqv,2026-08-24 16:11:49,2026-08-24 16:21:23,Gift Card,Hoàn Tất,Tự động,42QR-WP3NT6-8LBM,"""211178756327831066",,"25,82",GIFTCARD,2PGAGCVUFN,Tự động,,Hoàn Tất,,
9007066,1787582333031O7MM-1,G1,Nintendo - Gift Card,Nintendo 12 Month | USA,1,1002089730,"19,7","0,98","18,72",,2PGNGCQHBN,1,API,,2026-08-24 21:38:54,2026-08-24 21:54:29,Gift Card,Hoàn Tất,Tự động,E1DWXXMMYP8T6YWC,"""193178758326529753",,"17,21",GIFTCARD,2PGNGCQHBN,Tự động,,Hoàn Tất,,
9007362,1787592027193PQW2-1,G1,Touch ‘n Go Gift Card,Touch 'n Go eWallet Reload PIN worth MYR 200 (MY),1,1002625951,"60,11",3,"57,11",,2PGTGRYKZ9,1,API,qtvlinhmp,2026-08-25 00:20:28,2026-08-25 00:35:28,Gift Card,Hoàn Tất,Tự động,8741781986-PIP1615218,"""193178759292288709",,"52,48",GIFTCARD,2PGTGRYKZ9,Tự động,,Hoàn Tất,,
9007583,1787597057217B4DY-1,G1,Amazon - Gift Card,Canada Amazon Gift Card 50 CAD,1,1002600896,"44,03","2,2","41,83",,2PGAGCW4JM,1,API,qtvtrangdt1,2026-08-25 01:44:18,2026-08-25 09:28:12,Gift Card,Hoàn Tất,Tự động,8XU8-26SWPM-4LAF,"""203178762488485723",,"37,33",GIFTCARD,2PGAGCW4JM,Tự động,,Hoàn Tất,,
9008024,1787617699247GPSW-1,G1,Steam - Gift Card,US Steam Wallet 10 USD,1,1002649836,"11,4","0,57","10,83",,2PGSWCG3DO,1,API,,2026-08-25 07:28:20,2026-08-25 09:37:39,Gift Card,Hoàn Tất,Tự động,5LZEF-VP446-T46WA,"""203178762545460662",,"10,18",GIFTCARD,2PGSWCG3DO,Tự động,,Hoàn Tất,,
9015142,1787625616864Y1KL-1,G1,Zing Code Gift Card,"Zing Code Gift Card 20,000 VND",1,1004265687,1,"0,05","0,95",,2PGZCG0FIO,1,API,,2026-08-25 09:40:17,2026-08-25 09:47:43,Gift Card,Hoàn Tất,Tự động,D6A92YZ89,"""203178762605353913",,"0,76",GIFTCARD,2PGZCG0FIO,Tự động,,Hoàn Tất,,
9007333,1787590115966J3O6-1,G1,Valorant,NA 1520 Valorant Points NA - 15 USD Card,1,1004103139,"16,55","0,83","15,72",,2GGVGCKBCK,1,API,,2026-08-24 23:48:37,2026-08-25 10:39:52,Gift Card,Hoàn Tất,Tự động,RA-E7FDB8SZFWXSR8KU,"""203178762918578247",,"14,14",GIFTCARD,2GGVGCKBCK,Tự động,,Hoàn Tất,,
9007164,1787584922461F54T-1,G1,Touch ‘n Go Gift Card,Touch 'n Go eWallet Reload PIN worth MYR 150 (MY),8,1002491168,"360,72",18,"342,72",,2PGTGR4KKO,1,API,,2026-08-24 22:22:03,2026-08-25 11:16:44,Gift Card,Hoàn Tất,Tự động,4347962112,"""193178758686982123",,"38,39",GIFTCARD,2PGTGR4KKO,Tự động,,Hoàn Tất,,
9007164,1787584922461F54T-1,G1,Touch ‘n Go Gift Card,Touch 'n Go eWallet Reload PIN worth MYR 150 (MY),8,1002491168,0,0,0,,2PGTGR4KKO,1,API,,2026-08-24 22:22:03,2026-08-25 11:16:44,Gift Card,Hoàn Tất,Tự động,7325309313,"""193178759008970346",,"38,6",GIFTCARD,2PGTGR4KKO,Tự động,,Đã up code,,
9007164,1787584922461F54T-1,G1,Touch ‘n Go Gift Card,Touch 'n Go eWallet Reload PIN worth MYR 150 (MY),8,1002491168,0,0,0,,2PGTGR4KKO,1,API,,2026-08-24 22:22:03,2026-08-25 11:16:44,Gift Card,Hoàn Tất,Tự động,9505131913,"""203178763139160903",,"38,6",GIFTCARD,2PGTGR4KKO,Tự động,,Đã up code,,
9007164,1787584922461F54T-1,G1,Touch ‘n Go Gift Card,Touch 'n Go eWallet Reload PIN worth MYR 150 (MY),8,1002491168,0,0,0,,2PGTGR4KKO,1,API,,2026-08-24 22:22:03,2026-08-25 11:16:44,Gift Card,Hoàn Tất,Tự động,1183170537-RMS87925954,"""203178763139125360",,"38,58",GIFTCARD,2PGTGR4KKO,Tự động,,Đã up code,,
9007164,1787584922461F54T-1,G1,Touch ‘n Go Gift Card,Touch 'n Go eWallet Reload PIN worth MYR 150 (MY),8,1002491168,0,0,0,,2PGTGR4KKO,1,API,,2026-08-24 22:22:03,2026-08-25 11:16:44,Gift Card,Hoàn Tất,Tự động,9367301398-RMS87925955,"""203178763139134790",,"38,58",GIFTCARD,2PGTGR4KKO,Tự động,,Đã up code,,
9007164,1787584922461F54T-1,G1,Touch ‘n Go Gift Card,Touch 'n Go eWallet Reload PIN worth MYR 150 (MY),8,1002491168,0,0,0,,2PGTGR4KKO,1,API,,2026-08-24 22:22:03,2026-08-25 11:16:44,Gift Card,Hoàn Tất,Tự động,0091780148-RMS87925958,"""203178763139121446",,"38,58",GIFTCARD,2PGTGR4KKO,Tự động,,Đã up code,,
9007164,1787584922461F54T-1,G1,Touch ‘n Go Gift Card,Touch 'n Go eWallet Reload PIN worth MYR 150 (MY),8,1002491168,0,0,0,,2PGTGR4KKO,1,API,,2026-08-24 22:22:03,2026-08-25 11:16:44,Gift Card,Hoàn Tất,Tự động,1314389287-RMS87925960,"""203178763139153334",,"38,58",GIFTCARD,2PGTGR4KKO,Tự động,,Đã up code,,
9007164,1787584922461F54T-1,G1,Touch ‘n Go Gift Card,Touch 'n Go eWallet Reload PIN worth MYR 150 (MY),8,1002491168,0,0,0,,2PGTGR4KKO,1,API,,2026-08-24 22:22:03,2026-08-25 11:16:44,Gift Card,Hoàn Tất,Tự động,0492353909-RMS87925961,"""203178763139121861",,"38,58",GIFTCARD,2PGTGR4KKO,Tự động,,Đã up code,,
9007164,1787584922461F54T-1,G1,Touch ‘n Go Gift Card,Touch 'n Go eWallet Reload PIN worth MYR 150 (MY),8,1002491168,0,0,0,,2PGTGR4KKO,1,API,,2026-08-24 22:22:03,2026-08-25 11:16:44,Gift Card,Hoàn Tất,Tự động,6038873631-RMS87925964,"""203178763139121701",,"38,58",GIFTCARD,2PGTGR4KKO,Tự động,,Đã up code,,
9015319,1787633063033IHNN-1,G1,Touch ‘n Go Gift Card,Touch 'n Go eWallet Reload PIN worth MYR 10 (MY),1,1004337140,"3,01","0,15","2,86",,2PGTGRYOXL,1,API,qtvtrangdt1,2026-08-25 11:44:24,2026-08-25 11:51:42,Gift Card,Hoàn Tất,Tự động,6770903273,"""203178763349955620",,"2,55",GIFTCARD,2PGTGRYOXL,Tự động,,Hoàn Tất,,
9015369,1787635044731BUZJ-1,G1,Touch ‘n Go Gift Card,Touch 'n Go eWallet Reload PIN worth MYR 500 (MY),1,1003621405,"150,29","7,5","142,79",,2PGTGRZWAC,1,API,,2026-08-25 12:17:26,2026-08-25 12:38:45,Gift Card,Hoàn Tất,Tự động,2024853182,"""203178763631861550",,"128,53",GIFTCARD,2PGTGRZWAC,Tự động,,Hoàn Tất,,
9015390,1787636161210OARO-1,G1,PhonePe Gift Card,PhonePe Gift Card 10.000 INR,1,1004172541,"133,9","6,68","127,22",,2PGPGCWRJJ,1,API,qtvtrangdt1,2026-08-25 12:39:26,2026-08-25 14:14:12,Gift Card,Hoàn Tất,Tự động,9092608129756920,"""203178763670899656",,"109,96",GIFTCARD,2PGPGCWRJJ,Tự động,,Hoàn Tất,,
9015390,1787636161210OARO-1,G1,PhonePe Gift Card,PhonePe Gift Card 10.000 INR,1,1004172541,0,0,0,,2PGPGCWRJJ,1,API,qtvtrangdt1,2026-08-25 12:39:26,2026-08-25 14:14:12,Gift Card,Hoàn Tất,Tự động,-9092608129756920,"""203178764204448370",,"109,96",GIFTCARD,2PGPGCWRJJ,Tự động,,Đã up code,,
9007370,1787592690465KR92-1,G1,Touch ‘n Go Gift Card,Touch 'n Go eWallet Reload PIN worth MYR 500 (MY),2,1001482597,"1197,16","59,74","1137,42",,2PGTGRZWAC,1,API,qtvlinhmp,2026-08-25 00:31:31,2026-08-25 16:44:20,Gift Card,Hoàn Tất,Tự động,7398201009,"""193178765105179089",,"128,56",GIFTCARD,2PGTGRZWAC,Tự động,,Hoàn Tất,,
9007370,1787592690465KR92-1,G1,Touch ‘n Go Gift Card,Touch 'n Go eWallet Reload PIN worth MYR 500 (MY),2,1001482597,0,0,0,,2PGTGRZWAC,1,API,qtvlinhmp,2026-08-25 00:31:31,2026-08-25 16:44:20,Gift Card,Hoàn Tất,Tự động,2133489365,"""193178765105198177",,"128,56",GIFTCARD,2PGTGRZWAC,Tự động,,Đã up code,,
9022861,1787650909170IKGJ-1,G1,Touch ‘n Go Gift Card,Touch 'n Go eWallet Reload PIN worth MYR 10 (MY),1,1004337644,"3,01","0,15","2,86",,2PGTGRYOXL,1,API,,2026-08-25 16:41:50,2026-08-25 16:50:02,Gift Card,Hoàn Tất,Tự động,2039077074,"""193178765139899822",,"2,55",GIFTCARD,2PGTGRYOXL,Tự động,,Hoàn Tất,,
9007794,1787606085395MQ3L-1,G1,Valorant,UK Valorant Point UK - 5 GBP,1,1004336163,"7,69","0,46","7,23",,2GGVGC60RQ,1,API,,2026-08-25 04:14:46,2026-08-25 17:08:38,Gift Card,Hoàn Tất,Tự động,RA-ZTQYFX4GS9PDKF7E,"""193178765251370831",,"6,69",GIFTCARD,2GGVGC60RQ,Tự động,,Hoàn Tất,,
9022935,1787652019951N25U-1,G1,Zing Code Gift Card,"Zing Code Gift Card 50,000 VND",1,1004265687,"2,29","0,11","2,18",,2PGZCGHMCH,1,API,qtvlinhmp,2026-08-25 17:00:20,2026-08-25 17:17:54,Gift Card,Hoàn Tất,Tự động,7WH8DMDK6,"""193178765306828009",,"1,9",GIFTCARD,2PGZCGHMCH,Tự động,,Hoàn Tất,,
9007235,1787587192144F1EJ-1,G1,Steam - Gift Card,US Steam Wallet 25 USD,1,1004335136,30,"1,5","28,5",,2PGSWCEHGO,1,API,anhnqv,2026-08-24 22:59:53,2026-08-25 22:55:35,Gift Card,Hoàn Tất,Tự động,-L60AF-03KEK-C7PZ5--9PYG9-FRBIJ-G5AP6,"""211178767333093774",,"25,3",GIFTCARD,2PGSWCEHGO,Tự động,,Hoàn Tất,,
9023688,1787673582579CJBO-1,G1,Amazon - Gift Card,Amazon Gift Card 100 GBP United Kingdom,1,1003366528,"159,5","7,96","151,54",,2PGAGC5S6S,1,API,,2026-08-25 22:59:48,2026-08-25 23:50:12,Gift Card,Hoàn Tất,Tự động,https://spend.runa.io/-/6fe46896-7bbb-433d-975e-d20ecbc6114d,"""211178767660099073",,140,GIFTCARD,2PGAGC5S6S,Tự động,,Hoàn Tất,,
9024515,1787702577128D2CO-1,G1,Valorant,NA 2575 Valorant Points NA- 25 USD Card,1,1004225029,"26,66","1,33","25,33",,2GGVGCO9SR,1,API,,2026-08-26 07:02:59,2026-08-26 09:02:38,Gift Card,Hoàn Tất,Tự động,RA-MA7WPFXZXHBWBHCW,"""203178770974994304",,"22,91",GIFTCARD,2GGVGCO9SR,Tự động,,Hoàn Tất,,
9024269,1787690910618GBN7-1,G1,Zing Code Gift Card,"Zing Code Gift Card 500,000 VND",1,1004336038,"21,55","1,3","20,25",,2PGZCG4GJ2,1,API,qtvtrangdt1,2026-08-26 03:48:31,2026-08-26 09:05:18,Gift Card,Hoàn Tất,Tự động,X3LY3HZ3Y,"""203178770991422729",,"18,99",GIFTCARD,2PGZCG4GJ2,Tự động,,Hoàn Tất,,
9024760,1787713109758SIAH-1,G1,Amazon - Gift Card,Amazon Gift Card USD 20 (US),1,1000641174,"22,2","1,34","20,86",,2PGAGCQQNO,1,API,,2026-08-26 09:58:30,2026-08-26 10:09:30,Gift Card,Hoàn Tất,Tự động,6YNC-TD3RD3-PHAR,"""203178771376559509",,"19,24",GIFTCARD,2PGAGCQQNO,Tự động,,Hoàn Tất,,
9025961,1787755789459D94J-1,G1,LOL - League of Legends,Riot Points GC 50 Euro,1,1001815046,"69,5","4,16","65,34",,2GGRPGNVA4,1,API,,2026-08-26 21:49:50,2026-08-26 22:40:49,Gift Card,Hoàn Tất,Tự động,RA-8KWN9YWBJKUCXBHD,"""193178775884337748",,"56,86",GIFTCARD,2GGRPGNVA4,Tự động,,Hoàn Tất,,
9026444,1787768266881WBAM-1,G1,Amazon - Gift Card,Amazon Gift Card 25 GBP United Kingdom,1,1003366528,"41,09","2,05","39,04",,2PGAGCYO33,1,API,qtvlinhmp,2026-08-27 01:17:48,2026-08-27 09:45:30,Gift Card,Hoàn Tất,Tự động,AQYSMRYJBB3E9BK,"""193178779872535627",,"35,04",GIFTCARD,2PGAGCYO33,Tự động,,Hoàn Tất,,
9026973,1787790606727HOK5-1,G1,Amazon - Gift Card,Amazon Gift Card USD 30 (US),1,1003186239,"33,8","1,69","32,11",,2PGAGCQZV6,1,API,,2026-08-27 07:30:07,2026-08-27 09:51:46,Gift Card,Hoàn Tất,Tự động,J7MS-D683DY-8CA4,"""193178779910049970",,"28,86",GIFTCARD,2PGAGCQZV6,Tự động,,Hoàn Tất,,
9026668,1787777657107TVGH-1,G1,Valorant - Gift Card,UK Valorant Point UK - 35 GBP,1,1000590149,"51,9","3,11","48,79",,2GGVGCT8BT,1,API,qtvlinhmp,2026-08-27 03:54:18,2026-08-27 10:00:38,Gift Card,Hoàn Tất,Tự động,RA-49RPV6TD6C2V28PL,"""193178779962865207",,"46,18",GIFTCARD,2GGVGCT8BT,Tự động,,Hoàn Tất,,
9026252,1787764523398U7JC-1,G1,Rewarble - Gift Card,Rewarble Gift Cards EUR 20 (Global),1,1003777928,57,"2,84","54,16",,2PGRGCURNJ,1,API,,2026-08-27 00:15:24,2026-08-27 10:32:09,Gift Card,Hoàn Tất,Tự động,D8DECMJXEZCUAPGR,"""193178780152037675",,"24,19",GIFTCARD,2PGRGCURNJ,Tự động,,Hoàn Tất,,
9026140,1787760468354YS7T-1,G1,Steam - Gift Card,EU Steam Wallet 30 EUR (EU),1,1003687043,39,"2,4","36,6",,2PGSWC84F0,1,API,qtvlinhmp,2026-08-26 23:07:49,2026-08-27 10:59:18,Gift Card,Hoàn Tất,Tự động,CDH2V-EDYT4-BLW7B,"""193178780314987423",,"30,37",GIFTCARD,2PGSWC84F0,Tự động,,Hoàn Tất,,
9027438,1787809852521ZM0W-1,G1,Steam - Gift Card,Ukraine Steam Wallet 100 UAH,1,8599985,"3,5","0,21","3,29",,2PGSWCYLI7,1,API,qtvtrangdt1,2026-08-27 12:50:53,2026-08-27 12:58:27,Gift Card,Hoàn Tất,Tự động,WB9KA-8XKKY-0GDT2,"""203178781029828256",,"2,42",GIFTCARD,2PGSWCYLI7,Tự động,,Hoàn Tất,,
9027850,1787821908879FPQ0-1,G1,Rewarble - Gift Card,Ppal Rewarble Gift Card USD 300 (Global),2,1000209053,"760,16","37,93","722,23",,2PGRPGRTJ6,1,API,qtvlinhmp,2026-08-27 16:11:49,2026-08-27 17:41:05,Gift Card,Hoàn Tất,Tự động,PXLBBRL8CWRKIIZJ,"""193178782725734218",,"320,67",GIFTCARD,2PGRPGRTJ6,Tự động,,Hoàn Tất,,
9027850,1787821908879FPQ0-1,G1,Rewarble - Gift Card,Ppal Rewarble Gift Card USD 300 (Global),2,1000209053,0,0,0,,2PGRPGRTJ6,1,API,qtvlinhmp,2026-08-27 16:11:49,2026-08-27 17:41:05,Gift Card,Hoàn Tất,Tự động,5BR9SM8UR2UCMQMA,"""193178782725748272",,"320,67",GIFTCARD,2PGRPGRTJ6,Tự động,,Đã up code,,
9027994,1787826164637F8KL-1,G1,Rewarble - Gift Card,Rewarble Super Gift Card UK 100 GBP,1,1003417643,"329,5","19,73","309,77",,2PGRSGHG25,1,API,,2026-08-27 17:22:45,2026-08-27 18:17:28,Gift Card,Hoàn Tất,Tự động,Z91NH17M6IQF5JSX,"""193178782944350013",,"141,06",GIFTCARD,2PGRSGHG25,Tự động,,Hoàn Tất,,
9029033,1787854634698KNDI-1,G1,Rewarble - Gift Card,Rewarble PayPal EU - 10 EUR,1,1003371891,"14,3","0,71","13,59",,2PGRPGXSED,1,API,,2026-08-28 01:17:15,2026-08-28 09:15:36,Gift Card,Hoàn Tất,Tự động,MSRUQ65NZDKAZLPS,"""193178788333180447",,"12,52",GIFTCARD,2PGRPGXSED,Tự động,,Đã up code,,
9028815,1787851626528K2AU-1,G1,LOL - League of Legends,Riot Points GC 10 Euro,1,1002965861,"13,49","0,67","12,82",,2GGRPGGMK6,1,API,qtvlinhmp,2026-08-28 00:27:08,2026-08-28 09:32:03,Gift Card,Hoàn Tất,Tự động,RA-C5C2UUFFMJJRX7UD,"""193178788431426218",,"11,53",GIFTCARD,2GGRPGGMK6,Tự động,,Hoàn Tất,,
9029080,1787856030800NWW5-1,G1,Rewarble - Gift Card,Rewarble Super 25 GBP,1,1004346398,40,2,38,,2PGRSG8Y4D,1,API,qtvlinhmp,2026-08-28 01:40:31,2026-08-28 10:48:17,Gift Card,Hoàn Tất,Tự động,R5B1JWIJTUDW8CP4,"""193178788888832210",,"35,28",GIFTCARD,2PGRSG8Y4D,Tự động,,Hoàn Tất,,
9029414,1787867567874CM9N-1,G1,Steam - Gift Card,Indonesia Steam Wallet 90000 IDR (Indonesia),1,1003602794,"7,1","0,35","6,75",,2PGSWCADUN,1,API,qtvlinhmp,2026-08-28 04:52:48,2026-08-28 11:58:52,Gift Card,Hoàn Tất,Tự động,0PZJ4-8GC9N-TL86I,"""193178789312724898",,"5,32",GIFTCARD,2PGSWCADUN,Tự động,,Hoàn Tất,,
9037223,1787899889945D4YJ-1,G1,Razer Gold - Gift Card,Razer - Global - 50 USD,1,1004331718,"56,3","2,81","53,49",,2PGRGPU1T9,1,API,qtvtrangdt1,2026-08-28 13:51:31,2026-08-28 13:56:45,Gift Card,Hoàn Tất,Tự động,Pin:G7DC9MN2Q846ACSerial:RG020003714655,"""203178790019938988",,"47,06",GIFTCARD,2PGRGPU1T9,Tự động,,Hoàn Tất,,
9029116,1787857599605G3YL-1,G1,Steam - Gift Card,US Steam Wallet 25 USD,1,1003740593,30,"1,78","28,22",,2PGSWCEHGO,1,API,qtvtrangdt1,2026-08-28 02:06:40,2026-08-28 15:11:37,Gift Card,Hoàn Tất,Tự động,VZ9AH-YVX8T-I0GTY--6CBFJ-MCHKE-7CIJA,"""203178790468723585",,"25,3",GIFTCARD,2PGSWCEHGO,Tự động,,Hoàn Tất,,
9042310,1787904477856OXIC-1,G1,Touch ‘n Go Gift Card,Touch ‘n Go eWallet Reload PIN worth MYR 150 (MY),1,1003810005,"45,09","2,25","42,84",,,1,API,,2026-08-28 15:07:58,2026-08-28 16:34:10,Gift Card,Hoàn Tất,Tự động,,,,,,,Thủ công,,,,
9042579,1787912907179FB5I-1,G1,GCASH - Gift Card,"GCASH PHP 10,000 (PH)",1,1002352759,"208,9","10,42","198,48",,2PGGGCS9MJ,1,API,,2026-08-28 17:28:28,2026-08-28 17:39:56,Gift Card,Hoàn Tất,Tự động,https://portal.gifted.ph/voucher/c23d8e0f-062b-47b8-a218-d53b30317773,"""211178791358952501",,"176,92",GIFTCARD,2PGGGCS9MJ,Tự động,,Hoàn Tất,,
9042708,1787916756328N9NH-1,G1,Rewarble - Gift Card,Rewarble Gift Cards USD 100 (Global),1,1003767914,130,"6,49","123,51",,2PGRGCNHTT,1,API,,2026-08-28 18:32:37,2026-08-28 18:44:57,Gift Card,Hoàn Tất,Tự động,FX6S95RIGCAURMH5,"""211178791748736194",,"103,79",GIFTCARD,2PGRGCNHTT,Tự động,,Hoàn Tất,,
9042731,1787917697236TZCF-1,G1,Rewarble - Gift Card,Rewarble Gift Cards USD 50 (Global),1,1003767914,63,"3,14","59,86",,2PGRGCA8IE,1,API,,2026-08-28 18:48:18,2026-08-28 18:55:53,Gift Card,Hoàn Tất,Tự động,Q9D6RKRKQAR5JU2E,"""211178791814873282",,"51,9",GIFTCARD,2PGRGCA8IE,Tự động,,Hoàn Tất,,
9047727,1787923018845FVF5-1,G1,Valorant,EU 2575 Valorant Points EU - 25 EUR,1,1002873643,"33,1","1,98","31,12",,2GGVGCNWWM,1,API,anhnqv,2026-08-28 20:16:59,2026-08-28 20:30:29,Gift Card,Hoàn Tất,Tự động,RA-WF52LMZV5S9LYSR4,"""211178792382367299",,"25,16",GIFTCARD,2GGVGCNWWM,Tự động,,Hoàn Tất,,
9047932,1787927881313V09T-1,G1,LOL - League of Legends,League of Legends - 20 USD (US),1,1004030767,"24,3","1,51","22,79",,2GGLOLAB0F,1,API,,2026-08-28 21:38:02,2026-08-28 22:18:47,Gift Card,Hoàn Tất,Tự động,RA-QGX23X96RZG62DMP,"""211178793031841513",,"19,62",GIFTCARD,2GGLOLAB0F,Tự động,,Hoàn Tất,,
9036993,1787889430418CXMX-1,G1,GCASH - Gift Card,"GCASH PHP 1,000 (PH)",1,1004340793,"21,9","1,09","20,81",,2PGGGCOU13,1,API,,2026-08-28 10:57:11,2026-08-28 22:59:19,Gift Card,Hoàn Tất,Tự động,https://portal.gifted.ph/voucher/640bd39b-342d-4cbd-b1db-7a8cbbb170a0,"""211178793275144387",,"17,8",GIFTCARD,2PGGGCOU13,Tự động,,Hoàn Tất,,
9048173,1787934979063LR1O-1,G1,Amazon - Gift Card,Amazon Gift Card USD 20 (US),1,1001859308,"22,2","1,32","20,88",,2PGAGCQQNO,1,API,,2026-08-28 23:36:20,2026-08-28 23:45:34,Gift Card,Hoàn Tất,Tự động,5YPK-PDQ232-HNA4,"""211178793552884484",,"19,24",GIFTCARD,2PGAGCQQNO,Tự động,,Hoàn Tất,,
9049024,1787964713187HNGZ-1,G1,Amazon - Gift Card,Amazon Gift Card 200 USD,1,7474459,"244,8","14,66","230,14",,2PGAGC3QKA,1,API,,2026-08-29 07:51:54,2026-08-29 08:36:52,Gift Card,Hoàn Tất,Tự động,A49R-F3G32K-7BA4,"""203178796740771939",,"206,47",GIFTCARD,2PGAGC3QKA,Tự động,,Hoàn Tất,,
9048649,1787947588994V33F-1,G1,Rewarble - Gift Card,Rewarble Gift Cards USD 30 (Global),1,1004347067,"37,99","1,9","36,09",,2PGRGCODLD,1,API,qtvtrangdt1,2026-08-29 03:06:29,2026-08-29 08:43:12,Gift Card,Hoàn Tất,Tự động,68JEJKDEGJ8YWZV4,"""203178796778551564",,"31,14",GIFTCARD,2PGRGCODLD,Tự động,,Hoàn Tất,,
9049307,1787979482951E7BY-1,G1,Amazon - Gift Card,Amazon Gift Card USD 50 (US),1,5513992,"75,99","3,79","72,2",,2PGAGCDJW7,1,API,,2026-08-29 11:58:03,2026-08-29 12:26:58,Gift Card,Hoàn Tất,Tự động,N89Q-9VCBTX-7PAG,"""185178798121318328",,"47,27",GIFTCARD,2PGAGCDJW7,Tự động,,Hoàn Tất,,
9049461,1787984313862QMJG-1,G1,Rewarble - Gift Card,Rewarble Gift Cards USD 25 (Global),1,1004351507,"33,5","1,67","31,83",,2PGRGCUEIS,1,API,,2026-08-29 13:18:34,2026-08-29 13:44:24,Gift Card,Hoàn Tất,Tự động,KP5ACW5L3C8XHK6D,"""185178798585653422",,"25,95",GIFTCARD,2PGRGCUEIS,Tự động,,Hoàn Tất,,
9049151,1787969866175DV1M-1,G1,Valorant,NA 2050 Valorant Points NA -20 USD Card,1,1004258842,"21,02","1,05","19,97",,2GGVGCJ4DA,1,API,qtvanhltv,2026-08-29 09:17:48,2026-08-29 14:15:37,Gift Card,Hoàn Tất,Tự động,RA-5WWLVCV4H2BA5K83,"""185178798773024871",,"19,04",GIFTCARD,2GGVGCJ4DA,Tự động,,Hoàn Tất,,
9049679,1787991035345QP53-1,G1,Rewarble - Gift Card,Rewarble Super Gift Card UK 100 GBP,1,1003417643,165,"9,88","155,12",,2PGRSGHG25,1,API,,2026-08-29 15:10:36,2026-08-29 15:36:32,Gift Card,Hoàn Tất,Tự động,6DNTD6HVB22PQ51F,"""185178799258341779",,"140,46",GIFTCARD,2PGRSGHG25,Tự động,,Hoàn Tất,,
9049887,1787998887365ZKNC-1,G1,Valorant,EU 3650 Valorant Points EU - 35 EUR,1,1003034774,"43,95","2,19","41,76",,2GGVGC7976,1,API,,2026-08-29 17:21:33,2026-08-29 17:29:59,Gift Card,Hoàn Tất,Tự động,RA-QLN5FLBKM7RY95MF,"""193178287434739181",,"32,96",GIFTCARD,2GGVGC7976,Tự động,,Hoàn Tất,,
9049894,1787999083871MF72-1,G1,Valorant,EU 2575 Valorant Points EU - 25 EUR,1,3552972,"33,4","1,67","31,73",,2GGVGCNWWM,1,API,,2026-08-29 17:24:44,2026-08-29 18:26:21,Gift Card,Hoàn Tất,Tự động,RA-86S8GFJ5QZH9HFHX,"""211178799966862887",,"25,16",GIFTCARD,2GGVGCNWWM,Tự động,,Hoàn Tất,,
9049894,1787999083871MF72-1,G1,Valorant,EU 2575 Valorant Points EU - 25 EUR,1,3552972,0,0,0,,2GGVGCNWWM,1,API,,2026-08-29 17:24:44,2026-08-29 18:26:21,Gift Card,Hoàn Tất,Tự động,-RA-86S8GFJ5QZH9HFHX,"""211178800277230149",,"25,16",GIFTCARD,2GGVGCNWWM,Tự động,,Đã up code,,
9057311,1788009943110SSN1-1,G1,Zing Code Gift Card,"Zing Code Gift Card 200,000 VND",1,4399177,"8,65","0,43","8,22",,2PGZCGLQMB,1,API,qtvlinhmp,2026-08-29 20:25:44,2026-08-29 20:53:18,Gift Card,Hoàn Tất,Tự động,HA76XDXN2,"""193178801159173712",,"7,6",GIFTCARD,2PGZCGLQMB,Tự động,,Hoàn Tất,,
9057422,1788012008568TYPF-1,G1,Zing Code Gift Card,"Zing Code Gift Card 200,000 VND",1,4399177,"8,65","0,43","8,22",,2PGZCGLQMB,1,API,qtvlinhmp,2026-08-29 21:00:09,2026-08-29 21:40:27,Gift Card,Hoàn Tất,Tự động,9JM9X67NA,"""193178801442083295",,"7,6",GIFTCARD,2PGZCGLQMB,Tự động,,Hoàn Tất,,
9057443,1788013013251CHQQ-1,G1,Bit Cash,"BitCash Gift Card JPY 1,000 (JP)",1,1003695540,"8,2","0,41","7,79",,2PGBGCN2Y9,1,API,,2026-08-29 21:16:54,2026-08-29 21:59:41,Gift Card,Hoàn Tất,Tự động,すのすたてやるすこりへいふなうほ,"""193178801557276930",,"6,5",GIFTCARD,2PGBGCN2Y9,Tự động,,Hoàn Tất,,
9057430,1788012514168VLCO-1,G1,Valorant,NA 8700 Valorant Points NA - 80 USD Card,1,6634407,"82,9","4,14","78,76",,2GGVGC33MT,1,API,,2026-08-29 21:08:35,2026-08-29 22:27:30,Gift Card,Hoàn Tất,Tự động,RA-N9XPB9Z33REJ5R7B,"""193178801724372822",,"73,16",GIFTCARD,2GGVGC33MT,Tự động,,Hoàn Tất,,
9057462,1788014196160M9ZM-1,G1,Rewarble - Gift Card,Rewarble Gift Cards USD 25 (Global),1,1000716767,31,"1,55","29,45",,2PGRGCUEIS,1,API,qtvlinhmp,2026-08-29 21:36:37,2026-08-29 22:50:11,Gift Card,Hoàn Tất,Tự động,UGY85QTFWIP9PPYU,"""193178801860671095",,"25,95",GIFTCARD,2PGRGCUEIS,Tự động,,Hoàn Tất,,
9057767,1788021339824BJ29-1,G1,Razer Gold - Gift Card,Razer Gold 100 USD | USA,1,1004352895,"108,5","6,44","102,06",,2PGRGP6BM4,1,API,,2026-08-29 23:35:45,2026-08-30 01:18:34,Gift Card,Hoàn Tất,Tự động,DKPDFLCRBQEZCT,"""66178802727734446",,"93,15",GIFTCARD,2PGRGP6BM4,Tự động,,Đã up code,,
9058500,1788051599866WKKV-1,G1,Amazon - Gift Card,Amazon Gift Card USD 10 (US),1,1003984259,"11,3","0,69","10,61",,2PGAGCU5SG,1,API,,2026-08-30 08:00:01,2026-08-30 09:07:25,Gift Card,Hoàn Tất,Tự động,3B7M-F43WSR-6NAG,"""211178805563857674",,"9,62",GIFTCARD,2PGAGCU5SG,Tự động,,Hoàn Tất,,
9058769,1788062040856XQRV-1,G1,PayPal Top Up - Gift Card,Ppal Wallet Top Up USD 10 (Global),1,1003539597,"12,45","0,62","11,83",,,1,API,,2026-08-30 10:54:01,2026-08-30 11:04:24,Gift Card,Hoàn Tất,Tự động,https://activatemycodes.com/ZzN4VmZSYks0cFVHY2ZGUStWcXQ3M3JFM0ZLcmVxRWtkOWZ6QXd1QkZUUVMwVU9tTDdYampMR0lnWHVRZEZZNA==,"""211178806265913774",,"11,06",GIFTCARD,,Tự động,,Hoàn Tất,,
9058859,1788066893599E4VW-1,G1,PayPal Top Up - Gift Card,Ppal Wallet Top Up USD 10 (Global),1,1003539597,"12,45","0,62","11,83",,,1,API,,2026-08-30 12:14:54,2026-08-30 12:32:53,Gift Card,Hoàn Tất,Tự động,https://activatemycodes.com/VTdHL2IrTTJ1ODUzQTdyZ1ZVYkZyWUdYbGdwRW9CZmJpNGg2VXZma09Fc1MwVU9tTDdYampMR0lnWHVRZEZZNA==,"""211178806796467813",,"11,06",GIFTCARD,,Tự động,,Hoàn Tất,,
9059221,1788082202383XE1E-1,G1,Steam - Gift Card,Steam Wallet Code USD 50 (Global),1,1004347749,58,"2,89","55,11",,,1,API,,2026-08-30 16:30:03,2026-08-30 17:35:28,Gift Card,Hoàn Tất,Tự động,5TERL-KF82P-N9H7Z,"""185178808612027739",,"25,19",GIFTCARD,,Tự động,,Hoàn Tất,,
9059436,1788090385330A163-1,G1,Steam - Gift Card,Steam Wallet Code USD 50 (Global),1,1004347749,58,"2,89","55,11",,,1,API,,2026-08-30 18:46:26,2026-08-30 19:19:31,Gift Card,Hoàn Tất,Tự động,GTQK4-3VJMF-QIRMJ-GYXR0-0JZWZ-X8CJM,"""185178809235864605",,"50,37",GIFTCARD,,Tự động,,Hoàn Tất,,
9067921,1788133055866OEAT-1,G1,Amazon - Gift Card,Amazon Gift Card USD 50 (US),1,1002682628,"54,1","2,7","51,4",,2PGAGCDJW7,1,API,,2026-08-31 06:37:36,2026-08-31 08:24:41,Gift Card,Hoàn Tất,Tự động,CQZ8-V2FL8J-2YAC,"""203178813947428930",,"47,59",GIFTCARD,2PGAGCDJW7,Tự động,,Hoàn Tất,,
9067850,1788130030576JYO5-1,G1,Rewarble - Gift Card,Rewarble Gift Cards EUR 50 (Global),1,2495069,"73,8","4,6","69,2",,2PGRGCIRHP,1,API,qtvtrangdt1,2026-08-31 05:47:11,2026-08-31 08:49:08,Gift Card,Hoàn Tất,Tự động,XFD3UHGZM7WG94FZ,"""203178814093983113",,"60,13",GIFTCARD,2PGRGCIRHP,Tự động,,Hoàn Tất,,
9067832,1788128202762KPFI-1,G1,Amazon - Gift Card,Amazon Gift Card USD 30 (US),1,1004358613,"33,9","1,69","32,21",,2PGAGCQZV6,1,API,qtvtrangdt1,2026-08-31 05:16:43,2026-08-31 08:52:33,Gift Card,Hoàn Tất,Tự động,72A2-N9ZRP8-52A3,"""203178814115048664",,"32,23",GIFTCARD,2PGAGCQZV6,Tự động,,Hoàn Tất,,
9067835,1788128352302RIF3-1,G1,Rewarble - Gift Card,Rewarble Super 15 CAD,1,1004358566,"14,99","0,75","14,24",,2PGRSGKKDF,1,API,,2026-08-31 05:19:13,2026-08-31 08:54:57,Gift Card,Hoàn Tất,Tự động,YWLT8TG4L5GLMQKC,"""203178814129215423",,"11,55",GIFTCARD,2PGRSGKKDF,Tự động,,Hoàn Tất,,
9067449,1788114317747Q1G4-1,G1,PayPal Top Up - Gift Card,Ppal Wallet Top Up USD 10 (Global),1,1004222110,"12,45","0,62","11,83",,,1,API,,2026-08-31 01:25:23,2026-08-31 09:03:06,Gift Card,Hoàn Tất,Tự động,https://activatemycodes.com/UEJVcG55eVYzUnoxYVVYMHZOc1d2anpLcEgwaXVzM2ZUcGVnQzU4a2QxSVMwVU9tTDdYampMR0lnWHVRZEZZNA==,"""203178814177737527",,"11,06",GIFTCARD,,Tự động,,Hoàn Tất,,
9057802,1788024066154YH89-1,G1,Overwatch 2 - Gift Card,Overwatch 2 - Gift Card - 200 Coins,2,1002152902,16,"0,97","15,03",,2GGO2GVUPK,1,API,,2026-08-30 00:21:07,2026-08-31 09:11:56,Gift Card,Hoàn Tất,Tự động,P6LJ-R63H-9WFRF-GCTP-W4CJ,"""203178814230899107",,"5,78",GIFTCARD,2GGO2GVUPK,Tự động,,Hoàn Tất,,
9057802,1788024066154YH89-1,G1,Overwatch 2 - Gift Card,Overwatch 2 - Gift Card - 200 Coins,2,1002152902,0,0,0,,2GGO2GVUPK,1,API,,2026-08-30 00:21:07,2026-08-31 09:11:56,Gift Card,Hoàn Tất,Tự động,KFFP-KB45-SMGHT-554S-BG5V,"""203178814230846012",,"5,78",GIFTCARD,2GGO2GVUPK,Tự động,,Đã up code,,
9067680,1788124012699KRCW-1,G1,GCASH - Gift Card,"GCASH PHP 1,000 (PH)",2,1003766389,"43,8","2,19","41,61",,2PGGGCOU13,1,API,qtvtrangdt1,2026-08-31 04:06:53,2026-08-31 09:15:04,Gift Card,Hoàn Tất,Tự động,https://portal.gifted.ph/voucher/8f33e156-8793-4caf-8bd5-dcfb3bf3ca59,"""203178814249845856",,"17,82",GIFTCARD,2PGGGCOU13,Tự động,,Hoàn Tất,,
9067680,1788124012699KRCW-1,G1,GCASH - Gift Card,"GCASH PHP 1,000 (PH)",2,1003766389,0,0,0,,2PGGGCOU13,1,API,qtvtrangdt1,2026-08-31 04:06:53,2026-08-31 09:15:04,Gift Card,Hoàn Tất,Tự động,https://portal.gifted.ph/voucher/4aa398a7-eb15-4e10-969f-3182cb6f41a2,"""203178814249883081",,"17,82",GIFTCARD,2PGGGCOU13,Tự động,,Đã up code,,
9067781,1788126673008PWPQ-1,G1,PayPal Top Up - Gift Card,Ppal Wallet Top Up USD 1 (Global),8,1003394901,10,"0,5","9,5",,,1,API,qtvtrangdt1,2026-08-31 04:51:14,2026-08-31 10:33:49,Gift Card,Hoàn Tất,Tự động,https://activatemycodes.com/QmpXdUVZeVdnSWU1dTdlQTMxYmVtcmZPV2dmWWtpUUUxMFVTeFY5QjRyY1MwVU9tTDdYampMR0lnWHVRZEZZNA==,"""203178814721733143",,"1,13",GIFTCARD,,Tự động,,Hoàn Tất,,
9067781,1788126673008PWPQ-1,G1,PayPal Top Up - Gift Card,Ppal Wallet Top Up USD 1 (Global),8,1003394901,0,0,0,,,1,API,qtvtrangdt1,2026-08-31 04:51:14,2026-08-31 10:33:49,Gift Card,Hoàn Tất,Tự động,https://activatemycodes.com/dmsxRjVXcTdocVVMREJxMmx0QmZqVnpWSS8zdElGQWtLOVNac1pkMGd1Y1MwVU9tTDdYampMR0lnWHVRZEZZNA==,"""203178814721711710",,"1,12",GIFTCARD,,Tự động,,Đã up code,,
9067781,1788126673008PWPQ-1,G1,PayPal Top Up - Gift Card,Ppal Wallet Top Up USD 1 (Global),8,1003394901,0,0,0,,,1,API,qtvtrangdt1,2026-08-31 04:51:14,2026-08-31 10:33:49,Gift Card,Hoàn Tất,Tự động,https://activatemycodes.com/YXVqNE42ZmZnRjdLMlo0aFUzRFNVVUZUbFBZdlVuYjREdmtVem1PQjUwZ1MwVU9tTDdYampMR0lnWHVRZEZZNA==,"""203178814721747038",,"1,12",GIFTCARD,,Tự động,,Đã up code,,
9067781,1788126673008PWPQ-1,G1,PayPal Top Up - Gift Card,Ppal Wallet Top Up USD 1 (Global),8,1003394901,0,0,0,,,1,API,qtvtrangdt1,2026-08-31 04:51:14,2026-08-31 10:33:49,Gift Card,Hoàn Tất,Tự động,https://activatemycodes.com/cS90akRvdXlqZTY5MXhpOFEycnU4S3BsaksvQzR1WDR6bVNLajE2UVM5QVMwVU9tTDdYampMR0lnWHVRZEZZNA==,"""203178814721757011",,"1,12",GIFTCARD,,Tự động,,Đã up code,,
9067781,1788126673008PWPQ-1,G1,PayPal Top Up - Gift Card,Ppal Wallet Top Up USD 1 (Global),8,1003394901,0,0,0,,,1,API,qtvtrangdt1,2026-08-31 04:51:14,2026-08-31 10:33:49,Gift Card,Hoàn Tất,Tự động,https://activatemycodes.com/RjZJRXdrdlBVbmFPeU52UmpBQ0xPam9VOGFtek9xb1NSeGM4OXpuMW1OY1MwVU9tTDdYampMR0lnWHVRZEZZNA==,"""203178814721725980",,"1,12",GIFTCARD,,Tự động,,Đã up code,,
9067781,1788126673008PWPQ-1,G1,PayPal Top Up - Gift Card,Ppal Wallet Top Up USD 1 (Global),8,1003394901,0,0,0,,,1,API,qtvtrangdt1,2026-08-31 04:51:14,2026-08-31 10:33:49,Gift Card,Hoàn Tất,Tự động,https://activatemycodes.com/eGo0RnZ0UEJ5ZlI4WmIvN3I5eE84Yi9iMHNoSmlkN2JUR0lYSmlMNStxWVMwVU9tTDdYampMR0lnWHVRZEZZNA==,"""203178814721721013",,"1,12",GIFTCARD,,Tự động,,Đã up code,,
9067781,1788126673008PWPQ-1,G1,PayPal Top Up - Gift Card,Ppal Wallet Top Up USD 1 (Global),8,1003394901,0,0,0,,,1,API,qtvtrangdt1,2026-08-31 04:51:14,2026-08-31 10:33:49,Gift Card,Hoàn Tất,Tự động,https://activatemycodes.com/L0tkL0ZLRmNnK003bXNDVXBxK1QzeHlBWmtzTG9TVGEwc2RJWXdRQ1lvMFMwVU9tTDdYampMR0lnWHVRZEZZNA==,"""203178814721796068",,"1,12",GIFTCARD,,Tự động,,Đã up code,,
9067781,1788126673008PWPQ-1,G1,PayPal Top Up - Gift Card,Ppal Wallet Top Up USD 1 (Global),8,1003394901,0,0,0,,,1,API,qtvtrangdt1,2026-08-31 04:51:14,2026-08-31 10:33:49,Gift Card,Hoàn Tất,Tự động,https://activatemycodes.com/NE1sckxUTFR5YTk0eVEzak5lSEQrcjNxM1ExbE9pMDByWGdXb3RhYVFvSVMwVU9tTDdYampMR0lnWHVRZEZZNA==,"""203178814721737397",,"1,12",GIFTCARD,,Tự động,,Đã up code,,
9068701,1788168704219OU5O-1,G1,Zing Code Gift Card,"Zing Code Gift Card 500,000 VND",1,1004336038,"21,55","1,3","20,25",,2PGZCG4GJ2,1,API,anhnqv,2026-08-31 16:31:45,2026-08-31 16:42:47,Gift Card,Hoàn Tất,Tự động,8PL3TWMD8,"""211178816935919804",,"18,99",GIFTCARD,2PGZCG4GJ2,Tự động,,Hoàn Tất,,
9076081,1788173675210W8WL-1,G1,Valorant,EU 2575 Valorant Points EU - 25 EUR,1,7140488,"34,2","1,71","32,49",,2GGVGCNWWM,1,API,,2026-08-31 17:54:36,2026-08-31 18:08:15,Gift Card,Hoàn Tất,Tự động,RA-VBPAZXEW4GUHRX7W,"""211178817448535623",,"25,16",GIFTCARD,2GGVGCNWWM,Tự động,,Đã up code,,
9076134,1788175532343OKXV-1,G1,PhonePe Gift Card,PhonePe Gift Card 10.000 INR,1,1004172541,"133,9","6,68","127,22",,2PGPGCWRJJ,1,API,anhnqv,2026-08-31 18:25:33,2026-08-31 18:33:48,Gift Card,Hoàn Tất,Tự động,9092608256650780,"""211178817602346878",,"110,66",GIFTCARD,2PGPGCWRJJ,Tự động,,Hoàn Tất,,
9076462,1788185187480IQSS-1,G1,Amazon - Gift Card,Amazon Gift Card USD 20 (US),1,1004357298,"49,6","2,48","47,12",,2PGAGCQQNO,1,API,,2026-08-31 21:06:28,2026-08-31 21:18:58,Gift Card,Hoàn Tất,Tự động,S7DE-SCAQRL-6UAW,"""211178818592816649",,"19,24",GIFTCARD,2PGAGCQQNO,Tự động,,Đã up code,,