ID đơn,Order ID,Sàn,Game,Sản phẩm/Mã,Số lượng,Khách hàng,Doanh thu,Phí sàn,DThu thực nhận,Acc Title,SKU/IDKey,Acc Qty,Người tạo,Người xử lý,Ngày tạo,Ngày hoàn tất,Dịch vụ,Trạng thái,Loại đơn,Code,Request ID,Nguồn,Giá vốn,Nhãn nguồn,SKU,Giá vốn (auto/thủ công),Người xử lý (Daily),Trạng thái hàng trong đơn
8637605,1784573289232G67E-1,G1,Valorant,UK Valorant Point UK - 5 GBP,1,1001599495,"7,69","0,38","7,31",,2GGVGC60RQ,1,,,2026-07-21 01:48:10,2026-07-21 08:25:01,Gift Card,Hoàn Tất,Tự động,RA-EX5MHD3X7YWDYCLN,"""203178459709512704",,"6,59",GIFTCARD,2GGVGC60RQ,Tự động,,Hoàn Tất
8643794,1784602672657APK1-1,G1,Amazon - Gift Card,Amazon Gift Card USD 5 (US),1,1004189139,"5,95","0,3","5,65",,2PGAGCJ7IP,1,,,2026-07-21 09:57:53,2026-07-21 10:33:50,Gift Card,Hoàn Tất,Tự động,Q5BF7C2JHSY2AK,"""203178460482670429",,"4,45",GIFTCARD,2PGAGCJ7IP,Tự động,,Hoàn Tất
8637874,1784588282549C3TL-1,G1,Rewarble - Gift Card,Rewarble Gift Cards USD 10 (Global),1,1003292933,"12,9","0,64","12,26",,2PGRGCQU4H,1,,,2026-07-21 05:58:08,2026-07-21 13:37:15,Gift Card,Hoàn Tất,Tự động,W8HXDJ41EUCBI73U,"""203178461582682935",,"10,38",GIFTCARD,2PGRGCQU4H,Tự động,,Hoàn Tất
8650299,1784633292811FTY3-1,G1,Valorant,EU 1000 Valorant Points EU - 10 EUR,1,1002886862,"12,4","0,62","11,78",,2GGVGC1AY7,1,,,2026-07-21 18:28:13,2026-07-21 18:35:41,Gift Card,Hoàn Tất,Tự động,RA-7E7HK5PREGY5FH2A,"""211178463373330428",,"10,14",GIFTCARD,2GGVGC1AY7,Tự động,,Hoàn Tất
8650564,1784640595829REUD-1,G1,LOL - League of Legends,Riot Points GC 10 Euro,1,1002943993,"13,6","0,68","12,92",,2GGRPGGMK6,1,,,2026-07-21 20:29:58,2026-07-21 20:45:53,Gift Card,Hoàn Tất,Tự động,RA-Y22Q8NEQ8NBBERB3,"""211178464154630203",,"11,31",GIFTCARD,2GGRPGGMK6,Tự động,,Hoàn Tất
8663349,1784737604477QVB1-1,G1,Riot Points - Gift Card,Riot Points GC 20 Euro,1,1003636178,"26,9","1,34","25,56",,2GGRPGQTZG,1,,,2026-07-22 23:26:45,2026-07-23 08:39:11,Gift Card,Hoàn Tất,Tự động,RA-LHEAWE2Q7L5K5PTS,"""203178477074370910",,"22,59",GIFTCARD,2GGRPGQTZG,Tự động,,Hoàn Tất
8663691,1784747175411A7H4-1,G1,Rewarble - Gift Card,Rewarble Gift Cards USD 10 (Global),1,1004214511,"12,9","0,64","12,26",,2PGRGCQU4H,1,,qtvtrangdt1,2026-07-23 02:06:16,2026-07-23 08:52:07,Gift Card,Hoàn Tất,Tự động,EHE9F7MYHZRSZFCG,"""203178477151939754",,"10,38",GIFTCARD,2PGRGCQU4H,Tự động,,Hoàn Tất
8663881,1784755483250QH0X-1,G1,Rewarble - Gift Card,Rewarble PayPal - 15 USD,1,1000181261,"18,5","0,92","17,58",,2PGRPGZ3RL,1,,qtvtrangdt1,2026-07-23 04:24:44,2026-07-23 09:00:15,Gift Card,Hoàn Tất,Tự động,GPZYJQIIDUWHR6JI,"""203178477200531875",,"16,11",GIFTCARD,2PGRPGZ3RL,Tự động,,Hoàn Tất
8663052,1784730711811JH5B-1,G1,Valorant,EU 2575 Valorant Points EU - 25 EUR,1,1003635467,"33,8","1,69","32,11",,2GGVGCNWWM,1,,qtvtrangdt1,2026-07-22 21:31:53,2026-07-23 09:21:13,Gift Card,Hoàn Tất,Tự động,RA-F9QG2ER6CZQ9WF7F,"""203178477326549010",,"28,18",GIFTCARD,2GGVGCNWWM,Tự động,,Hoàn Tất
8664536,1784781587587TR1S-1,G1,Amazon - Gift Card,Amazon Gift Card USD 5 (US),1,1000660839,"5,95","0,3","5,65",,2PGAGCJ7IP,1,,qtvtrangdt1,2026-07-23 11:39:48,2026-07-23 12:54:09,Gift Card,Hoàn Tất,Tự động,55RHENSLMJLUAG,"""203178478603798114",,"4,45",GIFTCARD,2PGAGCJ7IP,Tự động,,Hoàn Tất
8666887,1784843221089LPNJ-1,G1,Riot Points - Gift Card,Riot Points GC 10 Euro,1,1003636178,"13,8","0,69","13,11",,2GGRPGGMK6,1,,qtvtrangdt1,2026-07-24 04:47:02,2026-07-24 09:39:48,Gift Card,Hoàn Tất,Tự động,RA-KKUAKSVUCXEVVHMD,"""203178486077787512",,"11,26",GIFTCARD,2GGRPGGMK6,Tự động,,Hoàn Tất
8593203,1784315940415R1VW-1,G1,Valorant,Rewarble PayPal50 EUR,1,1000990247,"101,5","5,06","96,44",,2PGRPG0DFL,1,,qtvtrangdt1,2026-07-18 02:19:01,2026-07-24 10:51:14,Gift Card,Hoàn Tất,Tự động,CD61LDWTTE79MMQ1,"""203178486506614937",,"63,02",GIFTCARD,2PGRPG0DFL,Tự động,,Hoàn Tất
8558648,1784167398349J3XB-1,G1,Riot Points - Gift Card,Riot Points GC 50 Euro,1,1001063899,54,"2,69","51,31",,2GGRPGNVA4,1,,,2026-07-16 09:03:19,2026-07-24 16:26:14,Gift Card,Hoàn Tất,Tự động,RA-T63J9CQB5EGTFFLE,"""185178488516689836",,"50,63",GIFTCARD,2GGRPGNVA4,Tự động,,Hoàn Tất
8668264,1784885254591LSW1-1,G1,Rewarble - Gift Card,Rewarble PayPal EU - 200 EUR,1,1003557169,289,"14,42","274,58",,2PGRPGEQSN,1,,,2026-07-24 16:27:35,2026-07-24 16:39:08,Gift Card,Hoàn Tất,Tự động,Z6K14JGH6NH5XJTS,"""203178488593667344",,"243,4",GIFTCARD,2PGRPGEQSN,Tự động,,Hoàn Tất
8107511,1782821400379VTDT-1,G1,Razer Gold - Gift Card,Razer Gold PIN (Global) - 1$ USD,3,1004085033,"3,3","0,16","3,14",,2PGRGPZUWH,1,,,2026-06-30 19:10:01,2026-07-24 17:07:55,Gift Card,Hoàn Tất,Tự động,Serial:RG020001085208PIN:MHDMM6ET987WCR,"""185178488766392846",,"0,95",GIFTCARD,2PGRGPZUWH,Tự động,,Hoàn Tất
8107511,1782821400379VTDT-1,G1,Razer Gold - Gift Card,Razer Gold PIN (Global) - 1$ USD,3,1004085033,0,0,0,,2PGRGPZUWH,1,,,2026-06-30 19:10:01,2026-07-24 17:07:55,Gift Card,Hoàn Tất,Tự động,Serial:RG020001085209PIN:2C6H9BK68B73AK,"""185178488766344824",,"0,95",GIFTCARD,2PGRGPZUWH,Tự động,,Đã up code
8107511,1782821400379VTDT-1,G1,Razer Gold - Gift Card,Razer Gold PIN (Global) - 1$ USD,3,1004085033,0,0,0,,2PGRGPZUWH,1,,,2026-06-30 19:10:01,2026-07-24 17:07:55,Gift Card,Hoàn Tất,Tự động,Serial:RG020001085210PIN:628UZJNK6T6JCW,"""185178488766384979",,"0,95",GIFTCARD,2PGRGPZUWH,Tự động,,Đã up code
8657179,1784671219664KK5T-1,G1,LOL - League of Legends,League of Legends - 35 EUR,1,1001571020,"38,7","1,93","36,77",,2GGLOLGWOZ,1,,,2026-07-22 05:00:20,2026-07-24 17:14:29,Gift Card,Hoàn Tất,Tự động,1784671219664KK5T-RA-9XSUK27L7S7AKPFY,"""203178488806275339",,"35,64",GIFTCARD,2GGLOLGWOZ,Tự động,,Hoàn Tất
8668974,1784901295052NOE2-1,G1,Amazon - Gift Card,Amazon Gift Card 5 GBP United Kingdom,1,1003879041,"39,85","1,99","37,86",,2PGAGCA6C3,1,,anhnqv,2026-07-24 20:54:57,2026-07-24 21:28:00,Gift Card,Hoàn Tất,Tự động,NE9H-8ZBLGN-2LBK,"""211178490327672995",,"5,95",GIFTCARD,2PGAGCA6C3,Tự động,,Hoàn Tất
4957336,1774551044404TKFO-1,G1,Xbox - Gift Card,XBOX GIFT CARD 5 BRL,1,1003715677,1,"0,05","0,95",,2PGXGCM3IM,1,,,2026-03-27 01:50:45,2026-07-24 22:04:16,Gift Card,Hoàn Tất,Tự động,-7P3VM-4HYTF-F6FHV-H3GRT-J4V6Z,"""185178490545050008",,"0,73",GIFTCARD,2PGXGCM3IM,Tự động,,Hoàn Tất
4829524,1774123324488A8UN-1,G1,Xbox - Gift Card,XBOX GIFT CARD 5 BRL,1,8242858,1,"0,05","0,95",,2PGXGCM3IM,1,,,2026-03-22 03:02:05,2026-07-24 22:06:07,Gift Card,Hoàn Tất,Tự động,-PJTJ7-MHGQY-KW2PQ-7K6C2-C9RMZ,"""185178490556243295",,"0,78",GIFTCARD,2PGXGCM3IM,Tự động,,Hoàn Tất
8669242,1784906335105V2PP-1,G1,Overwatch 2 - Gift Card,Overwatch 2 - Gift Card - 500 Coins,1,1001655368,"13,3","0,66","12,64",,2GGO2GY2C8,1,,anhnqv,2026-07-24 22:18:55,2026-07-24 23:33:03,Gift Card,Hoàn Tất,Tự động,KHG3-H6HM-XV59Q-6P4K-M696,"""211178491077743879",,"13,16",GIFTCARD,2GGO2GY2C8,Tự động,,Hoàn Tất
8669581,1784908749159FTQC-1,G1,Amazon - Gift Card,Amazon Gift Card USD 20 (US),1,1004221474,"22,59","1,13","21,46",,2PGAGCQQNO,1,,anhnqv,2026-07-24 22:59:10,2026-07-25 10:06:32,Gift Card,Hoàn Tất,Tự động,XBDJ-TWJXPN-MGAJ,"""211178494878293162",,"19,24",GIFTCARD,2PGAGCQQNO,Tự động,,Hoàn Tất
8684149,1785006572387KDW5-1,G1,Steam - Gift Card,Steam Wallet 10 USD Global,1,1000673894,"23,35","1,17","22,18",,2PGSWCSZ6C,1,,,2026-07-26 02:09:33,2026-07-26 09:24:36,Gift Card,Hoàn Tất,Tự động,MGXRZ-G3QJ8-TKDAB,"""211178503267130800",,10,GIFTCARD,2PGSWCSZ6C,Tự động,,Hoàn Tất
8684096,1785004096984TN9N-1,G1,Steam - Gift Card,Steam Wallet 10 USD Global,1,6217682,"23,35","1,17","22,18",,2PGSWCSZ6C,1,,anhnqv,2026-07-26 01:28:18,2026-07-26 09:25:33,Gift Card,Hoàn Tất,Tự động,IH9J6-4A65M-JMDJB,"""211178503272850551",,10,GIFTCARD,2PGSWCSZ6C,Tự động,,Hoàn Tất
8686788,1785031738779XW4B-1,G1,Steam - Gift Card,Steam Wallet 10 USD Global,1,5496986,"23,35","1,17","22,18",,2PGSWCSZ6C,1,,anhnqv,2026-07-26 09:08:59,2026-07-26 09:26:20,Gift Card,Hoàn Tất,Tự động,QPNGZ-QLTGB-W97DV,"""211178503277697907",,10,GIFTCARD,2PGSWCSZ6C,Tự động,,Hoàn Tất
8693326,1785065710007Z9LB-1,G1,Rewarble - Gift Card,Rewarble PayPal - 25 USD,1,1004228013,33,"1,65","31,35",,2PGRPGJUCY,1,,qtvanhltv,2026-07-26 18:35:11,2026-07-26 19:30:19,Gift Card,Hoàn Tất,Tự động,68PE48ZBGHZ11KW5,"""185178506901072378",,"26,85",GIFTCARD,2PGRPGJUCY,Tự động,,Hoàn Tất
8693635,1785073072883ZJL1-1,G1,Amazon - Gift Card,Amazon Gift Card USD 25 (US),1,1002908244,"27,26","1,36","25,9",,2PGAGCTHQA,1,,qtvanhltv,2026-07-26 20:37:54,2026-07-26 21:23:43,Gift Card,Hoàn Tất,Tự động,Y8LH-7WH3EC-6QAV,"""185178507581745287",,"23,8",GIFTCARD,2PGAGCTHQA,Tự động,,Hoàn Tất
8694727,1785113766265SAWK-1,G1,Rewarble - Gift Card,Rewarble Gift Card USD 20 (Global),1,1003361980,25,"1,25","23,75",,2PGRGCJ67F,1,,anhnqv,2026-07-27 07:56:07,2026-07-27 09:33:37,Gift Card,Hoàn Tất,Tự động,LX8RCAI3L9L1UUNZ,"""211178511960849418",,"20,76",GIFTCARD,2PGRGCJ67F,Tự động,,Hoàn Tất
8694139,1785087965863SJT5-1,G1,Rewarble - Gift Card,Rewarble Gift Cards USD 10 (Global),1,1003572446,"12,9","0,64","12,26",,2PGRGCQU4H,1,,anhnqv,2026-07-27 00:46:11,2026-07-27 10:08:12,Gift Card,Hoàn Tất,Tự động,XXB1LHAPK9I4ACD9,"""211178512168793112",,"10,38",GIFTCARD,2PGRGCQU4H,Tự động,,Hoàn Tất
8694898,1785120663047XI58-1,G1,Mastercard,Mastercard Gift Card USA - 25 USD,1,1001406142,31,"1,55","29,45",,2PGMGCVN6Q,1,,anhnqv,2026-07-27 09:51:04,2026-07-27 10:18:33,Gift Card,Hoàn Tất,Tự động,https://redeem.yourdigitalreward.com/activate-code/e8dbfe4a3ddd0c76e4feb96f53c7348c2fd2c816,"""211178512230877515",,"26,03",GIFTCARD,2PGMGCVN6Q,Tự động,,Hoàn Tất
8675859,1784929227068R7OO-1,G1,Rewarble - Gift Card,Rewarble Gift Card USD 20 (Global),1,1004210910,25,"1,25","23,75",,2PGRGCJ67F,1,,,2026-07-25 04:40:28,2026-07-27 10:43:30,Gift Card,Hoàn Tất,Tự động,MFELEV53KN3G26SN,"""211178512380234344",,"20,76",GIFTCARD,2PGRGCJ67F,Tự động,,Hoàn Tất
8702438,1785168876796B4IW-1,G1,Rewarble - Gift Card,Rewarble Gift Card USD 20 (Global),1,4564541,"49,7","2,48","47,22",,2PGRGCJ67F,1,,anhnqv,2026-07-27 23:14:38,2026-07-27 23:32:15,Gift Card,Hoàn Tất,Tự động,BDPGXWXXBT8R6J22,"""211178516992711065",,"20,76",GIFTCARD,2PGRGCJ67F,Tự động,,Hoàn Tất
8694540,1785102820177BZJH-1,G1,Amazon - Gift Card,Amazon Gift Card USD 15 (US),1,1002682628,62,"3,09","58,91",,2PGAGC3IFF,1,,,2026-07-27 04:53:46,2026-07-28 10:05:07,Gift Card,Hoàn Tất,Tự động,SZE9UR27P4S4AS,"""193178520790124639",,"13,35",GIFTCARD,2PGAGC3IFF,Tự động,,Hoàn Tất
8708987,1785196702117CB7X-1,G1,Steam - Gift Card,Steam Wallet 15 USD Global,1,1001991771,"23,35","1,17","22,18",,2PGSWCJIH9,1,,,2026-07-28 06:58:23,2026-07-28 10:35:35,Gift Card,Hoàn Tất,Tự động,HRFVD-ZZVJ2-ML20M,"""193178520973198130",,"15,74",GIFTCARD,2PGSWCJIH9,Tự động,,Hoàn Tất
8715517,1785281091910LMCV-1,G1,Valorant,NA 2050 Valorant Points NA -20 USD Card,3,1001030698,"65,7","3,28","62,42",,2GGVGCJ4DA,1,,qtvlinhmp,2026-07-29 06:24:52,2026-07-29 08:58:30,Gift Card,Hoàn Tất,Tự động,RA-YG63PV4LCSJ5PUUH,"""193178529030499815",,"18,57",GIFTCARD,2GGVGCJ4DA,Tự động,,Hoàn Tất
8715517,1785281091910LMCV-1,G1,Valorant,NA 2050 Valorant Points NA -20 USD Card,3,1001030698,0,0,0,,2GGVGCJ4DA,1,,qtvlinhmp,2026-07-29 06:24:52,2026-07-29 08:58:30,Gift Card,Hoàn Tất,Tự động,RA-PP4562H62ELKSYA5,"""193178529030455988",,"18,57",GIFTCARD,2GGVGCJ4DA,Tự động,,Đã up code
8715517,1785281091910LMCV-1,G1,Valorant,NA 2050 Valorant Points NA -20 USD Card,3,1001030698,0,0,0,,2GGVGCJ4DA,1,,qtvlinhmp,2026-07-29 06:24:52,2026-07-29 08:58:30,Gift Card,Hoàn Tất,Tự động,RA-L997Z4AV885PVYXK,"""193178529030431526",,"18,57",GIFTCARD,2GGVGCJ4DA,Tự động,,Đã up code
8715548,1785284806181GCGB-1,G1,Steam - Gift Card,Steam Wallet 100 USD Global,1,1004237379,"125,39","6,26","119,13",,2PGSWCK0TT,1,,qtvlinhmp,2026-07-29 07:26:47,2026-07-29 09:02:00,Gift Card,Hoàn Tất,Tự động,KEXGN-TE0JQ-VK3BL--TD3B8-CJR9C-HJGHL--F0J0E-49826-BCK2Q,"""193178529051589688",,"100,03",GIFTCARD,2PGSWCK0TT,Tự động,,Hoàn Tất
8715513,1785280507707Z8VO-1,G1,Valorant,EU 2575 Valorant Points EU - 25 EUR,1,8312577,"33,8","1,69","32,11",,2GGVGCNWWM,1,,,2026-07-29 06:15:08,2026-07-29 09:15:59,Gift Card,Hoàn Tất,Tự động,RA-MG65WWHHPRFLF52J,"""193178529135347429",,"25,32",GIFTCARD,2GGVGCNWWM,Tự động,,Đã up code
8715017,1785261346609JBUG-1,G1,Valorant,EU 3650 Valorant Points EU - 35 EUR,1,1003017022,"46,7","2,33","44,37",,2GGVGC7976,1,,qtvlinhmp,2026-07-29 00:55:47,2026-07-29 09:21:58,Gift Card,Hoàn Tất,Tự động,RA-PYMXKSVQTK5PTPTN,"""193178529171537219",,"37,79",GIFTCARD,2GGVGC7976,Tự động,,Hoàn Tất
8715529,1785282653223M3HO-1,G1,Bit Cash,"BitCash Gift Card JPY 1,000 (JP)",1,1004237297,"7,6","0,38","7,22",,2PGBGCN2Y9,1,,,2026-07-29 06:50:54,2026-07-29 10:35:29,Gift Card,Hoàn Tất,Tự động,いわうすかにしへきむさるゆのろや,"""193178529612334844",,"6,35",GIFTCARD,2PGBGCN2Y9,Tự động,,Đã up code
8721953,1785305691575ZRYY-1,G1,Valorant,EU 3650 Valorant Points EU - 35 EUR,1,1003003632,"46,7","2,33","44,37",,2GGVGC7976,1,,qtvlinhmp,2026-07-29 13:14:52,2026-07-29 13:25:48,Gift Card,Hoàn Tất,Tự động,RA-RDEPW97XVAJKWN9Z,"""193178530634090535",,"37,8",GIFTCARD,2GGVGC7976,Tự động,,Hoàn Tất
8715352,1785274435284KBME-1,G1,Rewarble - Gift Card,Rewarble Gift Cards USD 10 (Global),1,1002343274,"12,9","0,64","12,26",,2PGRGCQU4H,1,,qtvlinhmp,2026-07-29 04:33:56,2026-07-29 15:45:49,Gift Card,Hoàn Tất,Tự động,M892Y8DZISJW6DVY,"""193178531473712562",,"10,38",GIFTCARD,2PGRGCQU4H,Tự động,,Hoàn Tất
8715498,1785280262843B1YN-1,G1,Rewarble - Gift Card,Rewarble Gift Card USD 20 (Global),1,1001034729,25,"1,25","23,75",,2PGRGCJ67F,1,,,2026-07-29 06:11:03,2026-07-29 15:57:12,Gift Card,Hoàn Tất,Tự động,RJFMUB8ZQ35BVPZ4,"""193178531542519310",,"20,76",GIFTCARD,2PGRGCJ67F,Tự động,,Đã up code
8722113,1785311846347NPFF-1,G1,Rewarble - Gift Card,Rewarble Super Gift Card UK 100 GBP,1,1003095482,165,"8,23","156,77",,2PGRSGHG25,1,,anhnqv,2026-07-29 14:57:32,2026-07-29 17:40:44,Gift Card,Hoàn Tất,Tự động,HGAASTZLP4SS7URI,"""211178532163634535",,"138,06",GIFTCARD,2PGRSGHG25,Tự động,,Hoàn Tất
8730143,1785360643945TTLL-1,G1,Overwatch 2 - Gift Card,Overwatch 2 - Gift Card - 500 Coins,2,8170153,"26,6","1,33","25,27",,2GGO2GY2C8,1,,,2026-07-30 04:30:44,2026-07-30 09:52:27,Gift Card,Hoàn Tất,Tự động,FMB3-CCP5-M6TJ3-TWHV-G8C4,"""203178537994080904",,"6,48",GIFTCARD,2GGO2GY2C8,Tự động,,Hoàn Tất
8730143,1785360643945TTLL-1,G1,Overwatch 2 - Gift Card,Overwatch 2 - Gift Card - 500 Coins,2,8170153,0,0,0,,2GGO2GY2C8,1,,,2026-07-30 04:30:44,2026-07-30 09:52:27,Gift Card,Hoàn Tất,Tự động,6XRB-WRL3-KPHXV-RLSL-RGT4,"""203178537994065924",,"6,48",GIFTCARD,2GGO2GY2C8,Tự động,,Đã up code
8732553,1785380041094KKEA-1,G1,Rewarble - Gift Card,Rewarble PayPal10 USD,1,1003802432,"12,5","0,62","11,88",,2PGRPG64S3,1,,,2026-07-30 09:54:02,2026-07-30 10:05:38,Gift Card,Hoàn Tất,Tự động,4AYUCFJMR6MEC7Q3,"""203178538073433599",,"10,85",GIFTCARD,2PGRPG64S3,Tự động,,Hoàn Tất
8732956,1785393597261DD2Y-1,G1,Amazon - Gift Card,Amazon Gift Card USD 20 (US),1,1001651633,"22,59","1,13","21,46",,2PGAGCQQNO,1,,qtvtrangdt1,2026-07-30 13:39:58,2026-07-30 13:49:23,Gift Card,Hoàn Tất,Tự động,FU7D-2VFVEZ-X3AC,"""203178539415575186",,"19,24",GIFTCARD,2PGAGCQQNO,Tự động,,Hoàn Tất
7433334,1781465971187DLR6-1,G1,Amazon - Gift Card,Amazon Gift Card USD 50 (US),2,7237589,95,"4,74","90,26",,2PGAGCDJW7,1,,,2026-06-15 02:39:32,2026-07-02 13:07:27,Gift Card,Hoàn Tất,Tự động,XQBS-X8VQ2X-PAAZ,"""190178149013310243",,"42,53",GIFTCARD,2PGAGCDJW7,Tự động,,Hoàn Tất
7433334,1781465971187DLR6-1,G1,Amazon - Gift Card,Amazon Gift Card USD 50 (US),2,7237589,0,0,0,,2PGAGCDJW7,1,,,2026-06-15 02:39:32,2026-07-02 13:07:27,Gift Card,Hoàn Tất,Tự động,https://www.amazon.com/ap/signin?openid.pape.max_auth_age=900&openid.return_to=https%3A%2F%2Fwww.amazon.com%2Fgc%2Freveal%3Fpath%3D%252Fgc%252Freveal%26useRedirectOnSuccess%3D1%26encryptedClaimCode%3D6EBXV3C2JDQ79L%26ref_%3Dgcui_rev_e_si_c_m&openid.assoc_handle=usflex&openid.mode=checkid_setup&openid.ns=http%3A%2F%2Fspecs.openid.net%2Fauth%2F2.0,"""190178149766392184",,"41,87",GIFTCARD,2PGAGCDJW7,Tự động,,Đã up code
7895923,1782430805331H9JO-1,G1,Valorant,EU 3650 Valorant Points EU - 35 EUR,1,1003408955,"37,5","1,87","35,63",,2GGVGC7976,1,,anhnqv,2026-06-26 06:40:10,2026-07-01 09:11:51,Gift Card,Hoàn Tất,Tự động,RA-FDA38L27HMF2MPCF,"""211178243923914911",,"32,6",GIFTCARD,2GGVGC7976,Tự động,,Hoàn Tất
7932253,1782492194373EDVZ-1,G1,Rewarble - Gift Card,Rewarble Super 5 EUR,1,1002914356,"7,99","0,4","7,59",,2PGRSGXOE3,1,,,2026-06-26 23:43:15,2026-07-02 00:20:17,Gift Card,Hoàn Tất,Tự động,AMWC9GHVZETFTSXZ,"""193178249374985207",,"6,13",GIFTCARD,2PGRSGXOE3,Tự động,,Hoàn Tất
7974254,1782568257183O4D8-1,G1,Steam - Gift Card,Steam Wallet 10 USD Global,1,5729338,"24,35","1,22","23,13",,2PGSWCSZ6C,1,,anhnqv,2026-06-27 20:50:58,2026-07-01 23:44:45,Gift Card,Hoàn Tất,Tự động,ZTJ46-EZRMA-CM5CN,"""211178271016112113",,"10,12",GIFTCARD,2PGSWCSZ6C,Tự động,,Hoàn Tất
7976074,1782573274971Q3RR-1,G1,Valorant,EU 5025 Valorant Points EU - 50 EUR,1,1003854012,"51,39","2,56","48,83",,2GGVGC9T7Y,1,,,2026-06-27 22:14:35,2026-07-01 00:36:29,Gift Card,Hoàn Tất,Tự động,RA-FEGWUALU6ZB8YXE3,"""185178258112095778",,"47,59",GIFTCARD,2GGVGC9T7Y,Tự động,,Hoàn Tất
7983798,1782595697426QM7R-1,G1,Amazon - Gift Card,Amazon Gift Card USD 20 (US),1,7405347,"21,59","1,08","20,51",,2PGAGCQQNO,1,,qtvtrangdt1,2026-06-28 04:28:18,2026-07-01 11:00:58,Gift Card,Hoàn Tất,Tự động,GYS5-9WS7YJ-PZAM,"""203178261840833122",,"19,24",GIFTCARD,2PGAGCQQNO,Tự động,,Hoàn Tất
7987693,1782606006146CY7C-1,G1,Amazon - Gift Card,Amazon Gift Card USD 5 (US),1,1001831558,"4,95","0,25","4,7",,2PGAGCJ7IP,1,,qtvtrangdt1,2026-06-28 07:20:07,2026-07-01 09:03:13,Gift Card,Hoàn Tất,Tự động,UJHCDDXJALN7AJ,"""203178261115689158",,"4,05",GIFTCARD,2PGAGCJ7IP,Tự động,,Hoàn Tất
7988934,1782609304526W2U5-1,G1,Valorant,Valorant Gift Card USD 20 (NA),1,1003750656,"20,9","1,04","19,86",,,1,,,2026-06-28 08:15:05,2026-07-01 01:57:59,Gift Card,Hoàn Tất,Tự động,,,,,,,Thủ công,,
8001313,1782634728099VEFG-1,G1,Amazon - Gift Card,Amazon Gift Card USD 20 (US),1,1000668512,"21,59","1,08","20,51",,2PGAGCQQNO,1,,,2026-06-28 15:18:49,2026-07-01 17:51:06,Gift Card,Hoàn Tất,Tự động,MGMV-9MNL9K-69AR,"""203178264377664970",,"19,24",GIFTCARD,2PGAGCQQNO,Tự động,,Hoàn Tất
8003427,1782640171937DWC6-1,G1,Valorant,EU 3650 Valorant Points EU - 35 EUR,1,1003802886,"37,5","1,87","35,63",,2GGVGC7976,1,,qtvtrangdt1,2026-06-28 16:49:32,2026-07-01 17:49:00,Gift Card,Hoàn Tất,Tự động,RA-9TZESB32N2W7VJUD,"""203178264301134057",,"32,96",GIFTCARD,2GGVGC7976,Tự động,,Hoàn Tất
8004406,1782642651207L4J0-1,G1,Steam - Gift Card,US Steam Wallet 50 USD,1,1004116364,58,"2,89","55,11",,2PGSWCJ4G9,1,,anhnqv,2026-06-28 17:30:52,2026-07-01 15:27:25,Gift Card,Hoàn Tất,Tự động,---T5ML8-LFQB4-8GAWI--ZCI08-PQM7R-B03IY--JEATE-650ZV-833T4,"""133178289444139582",,"50,12",GIFTCARD,2PGSWCJ4G9,Tự động,,Hoàn Tất
8006624,1782648241386J60L-1,G1,Valorant,EU 5350 Valorant Points EU - 50 EUR,1,1003851478,"51,39","2,56","48,83",,2GGVGC47WF,1,,anhnqv,2026-06-28 19:04:02,2026-07-01 20:37:32,Gift Card,Hoàn Tất,Tự động,RA-GY7PMTVPKE7CZN2X,"""211178265313295230",,"46,07",GIFTCARD,2GGVGC47WF,Tự động,,Hoàn Tất
8007587,1782648549994RC97-1,G1,Neosurf Voucher,Neosurf Voucher 20 AUD,1,1003914541,45,"2,25","42,75",,2PGNVE54DI,1,,,2026-06-28 19:09:10,2026-07-01 22:27:26,Gift Card,Hoàn Tất,Tự động,4938M2H6DV,"""211178265972992181",,"14,35",GIFTCARD,2PGNVE54DI,Tự động,,Hoàn Tất
8023979,1782664670392RTSP-1,G1,Amazon - Gift Card,Amazon Gift Card USD 5 (US),1,1001243455,"4,95","0,25","4,7",,2PGAGCJ7IP,1,,anhnqv,2026-06-28 23:37:51,2026-07-03 04:02:54,Gift Card,Hoàn Tất,Tự động,XSGU-P6GV7C-7TAK,"""211178295723491148",,"5,17",GIFTCARD,2PGAGCJ7IP,Tự động,,Hoàn Tất
8026739,1782671939439QAGX-1,G1,Overwatch 2 - Gift Card,Overwatch 2 - Gift Card - 200 Coins,1,1003005628,"4,3","0,21","4,09",,2GGO2GVUPK,1,,anhnqv,2026-06-29 01:39:00,2026-07-02 01:40:07,Gift Card,Hoàn Tất,Tự động,GFX6-Q45C-P3B6M-V3KX-RGG3,"""211178279180233968",,"3,65",GIFTCARD,2GGO2GVUPK,Tự động,,Hoàn Tất
8027645,1782674197140V2WI-1,G1,Valorant,EU 8700 Valorant Points EU - 80 EUR,1,1001332603,"84,99","4,24","80,75",,2GGVGC9IZ2,1,,,2026-06-29 02:16:38,2026-07-02 09:06:26,Gift Card,Hoàn Tất,Tự động,RA-GASQ2Q7JUBUZ6K26,"""211178269810733130",,"75,44",GIFTCARD,2GGVGC9IZ2,Tự động,,Hoàn Tất
8030388,1782681176887BB5O-1,G1,Valorant,EU 5350 Valorant Points EU - 50 EUR,1,1003855693,"51,39","2,56","48,83",,2GGVGC47WF,1,,,2026-06-29 04:12:57,2026-07-02 11:56:19,Gift Card,Hoàn Tất,Tự động,RA-YN48GJXWDUXT2DKH,"""211178270830671144",,"47,59",GIFTCARD,2GGVGC47WF,Tự động,,Hoàn Tất
8062014,1782732777245K8N6-1,G1,Overwatch 2 - Gift Card,Overwatch 2 - Gift Card - 200 Coins,1,1002461747,"4,3","0,21","4,09",,2GGO2GVUPK,1,,qtvanhltv,2026-06-29 18:32:58,2026-07-02 19:39:28,Gift Card,Hoàn Tất,Tự động,4XMQ-P8VQ-8CQGQ-B8JK-94FT,"""185178273607621163",,"3,65",GIFTCARD,2GGO2GVUPK,Tự động,,Hoàn Tất
8064456,1782738752259DGBC-1,G1,Rewarble - Gift Card,Rewarble Super 40 EUR,1,1001728815,57,"2,84","54,16",,2PGRSGO7IG,1,,,2026-06-29 20:12:38,2026-07-02 23:46:54,Gift Card,Hoàn Tất,Tự động,Q8QXFZE8AUST8JAV,"""211178275094222592",,"48,94",GIFTCARD,2PGRSGO7IG,Tự động,,Hoàn Tất
8064644,1782739221175Z8IT-1,G1,Amazon - Gift Card,Amazon Gift Card USD 15 (US),1,7490125,"14,99","0,75","14,24",,2PGAGC3IFF,1,,,2026-06-29 20:20:22,2026-07-02 21:29:27,Gift Card,Hoàn Tất,Tự động,92CW-XJZSVM-2KAV,"""211178274270121526",,"14,28",GIFTCARD,2PGAGC3IFF,Tự động,,Hoàn Tất
8068786,1782749422616XSCP-1,G1,PSN - Gift card,UK Playstation Network 20 GBP,1,1002759740,"26,04","1,3","24,74",,2PGPNG297B,1,,anhnqv,2026-06-29 23:10:23,2026-07-02 23:30:58,Gift Card,Hoàn Tất,Tự động,997G-8LQN-5K6F,"""211178274994385582",,"23,58",GIFTCARD,2PGPNG297B,Tự động,,Hoàn Tất
8069267,1782750685515ONYN-1,G1,PSN - Gift card,UK Playstation Network 10 GBP,1,1002759740,14,"0,7","13,3",,2PGPNGSQAZ,1,,anhnqv,2026-06-29 23:31:26,2026-07-03 00:35:11,Gift Card,Hoàn Tất,Tự động,ECLM-5MHP-M9HF,"""211178275383248453",,"11,85",GIFTCARD,2PGPNGSQAZ,Tự động,,Hoàn Tất
8070125,1782752825280VKBU-1,G1,Valorant,UK Valorant Point UK - 5 GBP,1,1003186295,"7,69","0,38","7,31",,2GGVGC60RQ,1,,,2026-06-30 00:07:06,2026-07-03 09:35:38,Gift Card,Hoàn Tất,Tự động,RA-9GD8QLKSZBBESGQX,"""211178278609475686",,"6,49",GIFTCARD,2GGVGC60RQ,Tự động,,Hoàn Tất
8071512,1782755981922V1U2-1,G1,Steam - Gift Card,Steam Wallet 50 USD Global,1,1002580647,58,"2,89","55,11",,2PGSWCA5KH,1,,anhnqv,2026-06-30 00:59:42,2026-07-03 09:33:08,Gift Card,Hoàn Tất,Tự động,PEQFM-T5KEC-QHGZG--R9TR0-9WRQV-G835M--49K9Z-PR0JK-EDYFL,"""211178278674513769",,"50,12",GIFTCARD,2PGSWCA5KH,Tự động,,Hoàn Tất
8072332,1782758179392XCXT-1,G1,Steam - Gift Card,Steam Wallet 50 USD Global,1,1001132331,58,"2,89","55,11",,2PGSWCA5KH,1,,anhnqv,2026-06-30 01:36:20,2026-07-03 09:42:01,Gift Card,Hoàn Tất,Tự động,REYW3-VN78T-07DB8--RGG6N-Q7EZ7-3MQ3Y--ZPHMY-IK08K-RNFXX,"""211178278664663135",,"50,12",GIFTCARD,2PGSWCA5KH,Tự động,,Hoàn Tất
8074172,1782762872315F2MK-1,G1,Valorant,EU 8700 Valorant Points EU - 80 EUR,1,1000034854,"84,99","4,24","80,75",,2GGVGC9IZ2,1,,anhnqv,2026-06-30 02:54:33,2026-07-01 01:05:15,Gift Card,Hoàn Tất,Tự động,RA-KPFX23ZH79DUVM7R,"""211178278691987286",,"75,44",GIFTCARD,2GGVGC9IZ2,Tự động,,Hoàn Tất
8076382,1782768096649DDTO-1,G1,Valorant,EU 1000 Valorant Points EU - 10 EUR,1,1002871897,"21,59","1,08","20,51",,2GGVGC1AY7,1,,,2026-06-30 04:21:37,2026-07-01 07:05:51,Gift Card,Hoàn Tất,Tự động,RA-F8HK4K7XYN7NH79D,"""211178283976728261",,"9,42",GIFTCARD,2GGVGC1AY7,Tự động,,Hoàn Tất
8076474,1782768308150TV7Q-1,G1,Valorant,EU 8700 Valorant Points EU - 80 EUR,1,1002847312,"84,99","4,24","80,75",,2GGVGC9IZ2,1,,,2026-06-30 04:25:09,2026-07-01 03:13:47,Gift Card,Hoàn Tất,Tự động,RA-GPNYMYP9WJPH9GBY,"""211178278515474763",,"75,44",GIFTCARD,2GGVGC9IZ2,Tự động,,Hoàn Tất
8079553,1782776107122M4J8-1,G1,Valorant,EU 2050 Valorant Points EU - 20 EUR,1,1000449212,"21,59","1,08","20,51",,2GGVGC9OVX,1,,anhnqv,2026-06-30 06:35:08,2026-07-03 09:05:23,Gift Card,Hoàn Tất,Tự động,RA-KM5K7Z47FD9XN8T6,"""211178278444157891",,"18,84",GIFTCARD,2GGVGC9OVX,Tự động,,Hoàn Tất
8087150,1782783543195XVT7-1,G1,Overwatch 2 - Gift Card,Overwatch 2 - Gift Card - 1000 Coins,1,1003546680,17,"0,85","16,15",,2GGO2GD2JC,1,,,2026-06-30 08:39:04,2026-07-03 09:03:44,Gift Card,Hoàn Tất,Tự động,PQ5S-K4CM-MWRKN-65DT-PNWN,"""211178278434861491",,"14,63",GIFTCARD,2GGO2GD2JC,Tự động,,Hoàn Tất
8089194,1782784525297ZDO0-1,G1,Valorant,EU 3650 Valorant Points EU - 35 EUR,1,1004092637,"37,5","1,87","35,63",,2GGVGC7976,1,,,2026-06-30 08:55:26,2026-07-03 09:41:09,Gift Card,Hoàn Tất,Tự động,RA-DCCFWYTXXN6MACMU,"""211178278658294812",,"32,6",GIFTCARD,2GGVGC7976,Tự động,,Hoàn Tất
8100428,1782804529322A8XH-1,G1,Valorant,EU 3650 Valorant Points EU - 35 EUR,1,1003866816,"37,5","1,87","35,63",,2GGVGC7976,1,,qtvlinhmp,2026-06-30 14:28:50,2026-07-03 16:08:16,Gift Card,Hoàn Tất,Tự động,RA-XXLYUXYP9ZWBLQH7,"""193178280666940029",,"32,6",GIFTCARD,2GGVGC7976,Tự động,,Hoàn Tất
8100428,1782804529322A8XH-1,G1,Valorant,EU 3650 Valorant Points EU - 35 EUR,1,1003866816,0,0,0,,2GGVGC7976,1,,qtvlinhmp,2026-06-30 14:28:50,2026-07-03 16:08:16,Gift Card,Hoàn Tất,Tự động,RA-6BSSATY6J27L7WM7,"""193178280973794744",,"32,6",GIFTCARD,2GGVGC7976,Tự động,,Đã up code
8103387,1782811694762VSNQ-1,G1,Valorant,EU 2575 Valorant Points EU - 25 EUR,1,1003426768,"27,85","1,39","26,46",,2GGVGCNWWM,1,,qtvtrangdt1,2026-06-30 16:28:15,2026-07-03 16:51:20,Gift Card,Hoàn Tất,Tự động,RA-UHRVUD4ZG5Y9YXE2,"""203178281238682177",,"23,59",GIFTCARD,2GGVGCNWWM,Tự động,,Hoàn Tất
8104726,1782814775351KVIO-1,G1,LOL - League of Legends,League of Legends - 10 EUR,1,1000010783,"10,6","0,53","10,07",,2GGLOLV56A,1,,,2026-06-30 17:19:41,2026-07-03 17:26:55,Gift Card,Hoàn Tất,Tự động,RA-2G2H5XYRLF4X6RYB,"""203178281561742441",,"9,42",GIFTCARD,2GGLOLV56A,Tự động,,Hoàn Tất
8115221,1782840454376JYHR-1,G1,Valorant,EU 3650 Valorant Points EU - 35 EUR,1,1000706775,"37,5","1,87","35,63",,2GGVGC7976,1,,,2026-07-01 00:27:35,2026-07-02 05:41:04,Gift Card,Hoàn Tất,Tự động,RA-QLN5FLBKM7RY95MF,"""193178287434739181",,"32,96",GIFTCARD,2GGVGC7976,Tự động,,Hoàn Tất
8115221,1782840454376JYHR-1,G1,Valorant,EU 3650 Valorant Points EU - 35 EUR,1,1000706775,0,0,0,,2GGVGC7976,1,,,2026-07-01 00:27:35,2026-07-02 05:41:04,Gift Card,Hoàn Tất,Tự động,RA-5Y8VJRVVGHVHMDP2,"""193178287455291084",,"32,96",GIFTCARD,2GGVGC7976,Tự động,,Đã up code
8116222,1782842844793WAIC-1,G1,Rewarble - Gift Card,Rewarble Super Gift Card USA - 15 USD,1,1000618189,"19,5","0,97","18,53",,2PGRSGR0FL,1,,anhnqv,2026-07-01 01:07:25,2026-07-01 22:26:09,Gift Card,Hoàn Tất,Tự động,A7XNRJLZ4WVMH3LF,"""211178291955847067",,"16,14",GIFTCARD,2PGRSGR0FL,Tự động,,Hoàn Tất
8117840,1782846757824TMS0-1,G1,Valorant,EU 2050 Valorant Points EU - 20 EUR,1,1002012033,"21,04","1,05","19,99",,2GGVGC9OVX,1,,anhnqv,2026-07-01 02:12:39,2026-07-02 23:29:15,Gift Card,Hoàn Tất,Tự động,RA-N8VGGMHBUY5FHXYP,"""211178296938227544",,"20,24",GIFTCARD,2GGVGC9OVX,Tự động,,Hoàn Tất
8118474,1782848500058FZAP-1,G1,Valorant,EU 5350 Valorant Points EU - 50 EUR,1,1002140582,"53,39","2,66","50,73",,2GGVGC47WF,1,,qtvlinhmp,2026-07-01 02:41:41,2026-07-01 19:02:32,Gift Card,Hoàn Tất,Tự động,RA-4EEKBN46ALXM343Q,"""193178287971679472",,"47,59",GIFTCARD,2GGVGC47WF,Tự động,,Hoàn Tất
8120291,1782852714094PL4V-1,G1,Rewarble - Gift Card,Rewarble PayPal5 USD,1,1002258813,"6,69","0,33","6,36",,2PGRPGOSYM,1,,qtvtrangdt1,2026-07-01 03:51:55,2026-07-01 16:00:27,Gift Card,Hoàn Tất,Tự động,VKRMKF8WAX272RQY,"""203178289642123550",,"5,37",GIFTCARD,2PGRPGOSYM,Tự động,,Hoàn Tất
8120706,1782853760854BCOE-1,G1,Steam - Gift Card,Steam Wallet 10 USD Global,1,1002348649,"23,35","1,17","22,18",,2PGSWCSZ6C,1,,anhnqv,2026-07-01 04:09:21,2026-07-01 22:31:36,Gift Card,Hoàn Tất,Tự động,LVIJH-H84RV-ARKMQ,"""211178291989028893",,"10,12",GIFTCARD,2PGSWCSZ6C,Tự động,,Hoàn Tất
8121366,1782855453778A6VP-1,G1,Valorant,EU 2575 Valorant Points EU - 25 EUR,2,1001862773,"55,7","2,78","52,92",,2GGVGCNWWM,1,,qtvlinhmp,2026-07-01 04:37:34,2026-07-02 18:43:26,Gift Card,Hoàn Tất,Tự động,RA-LSUMBG4R9SVQP43S,"""193178287271264616",,"23,59",GIFTCARD,2GGVGCNWWM,Tự động,,Hoàn Tất
8121366,1782855453778A6VP-1,G1,Valorant,EU 2575 Valorant Points EU - 25 EUR,2,1001862773,0,0,0,,2GGVGCNWWM,1,,qtvlinhmp,2026-07-01 04:37:34,2026-07-02 18:43:26,Gift Card,Hoàn Tất,Tự động,RA-2LLWGC5BWBJHMEVU,"""193178287271288216",,"23,59",GIFTCARD,2GGVGCNWWM,Tự động,,Đã up code
8122261,1782857739206IGHD-1,G1,Valorant,EU 8700 Valorant Points EU - 80 EUR,1,1000526053,"84,99","4,24","80,75",,2GGVGC9IZ2,1,,qtvlinhmp,2026-07-01 05:15:40,2026-07-01 09:15:06,Gift Card,Hoàn Tất,Tự động,RA-RW26C32NWBLRNRLF,"""193178287177072327",,"75,44",GIFTCARD,2GGVGC9IZ2,Tự động,,Hoàn Tất
8124598,1782863687117ZD72-1,G1,Rewarble - Gift Card,Rewarble PayPal UK - 200 GBP,2,1004087316,"655,4","32,7","622,7",,2PGRPG9SKZ,1,,,2026-07-01 06:54:48,2026-07-02 00:06:16,Gift Card,Hoàn Tất,Tự động,9F379FLMU7LUTGWT,"""211178292557111410",,"285,36",GIFTCARD,2PGRPG9SKZ,Tự động,,Hoàn Tất
8124598,1782863687117ZD72-1,G1,Rewarble - Gift Card,Rewarble PayPal UK - 200 GBP,2,1004087316,0,0,0,,2PGRPG9SKZ,1,,,2026-07-01 06:54:48,2026-07-02 00:06:16,Gift Card,Hoàn Tất,Tự động,LP7EQWG2GA53VQCU,"""211178292557151768",,"285,36",GIFTCARD,2PGRPG9SKZ,Tự động,,Đã up code
8125274,1782865476188BMQW-1,G1,Rewarble - Gift Card,Rewarble Super Gift Card UK 100 GBP,1,1002590164,165,"8,23","156,77",,2PGRSGHG25,1,,,2026-07-01 07:24:37,2026-07-01 16:17:59,Gift Card,Hoàn Tất,Tự động,PSPDQ1SQB36197KZ,"""203178289747273417",,"142,59",GIFTCARD,2PGRSGHG25,Tự động,,Hoàn Tất
8134709,1782889010281A5AQ-1,G1,LOL - League of Legends,League of Legends - 20 EUR,1,7510016,"21,3","1,06","20,24",,2GGLOLDKOI,1,,,2026-07-01 13:56:51,2026-07-01 14:30:31,Gift Card,Hoàn Tất,Tự động,RA-TK7YZTS8GFK6TEAX,"""203178289086363215",,"18,84",GIFTCARD,2GGLOLDKOI,Tự động,,Hoàn Tất
8135708,1782891535497ADV0-1,G1,LOL - League of Legends,League of Legends - 50 EUR,1,7510016,53,"2,64","50,36",,2GGLOL3JV1,1,,,2026-07-01 14:38:56,2026-07-01 15:28:36,Gift Card,Hoàn Tất,Tự động,RA-FWZZP9U9GC3YCLM4,"""203178289426995970",,"47,59",GIFTCARD,2GGLOL3JV1,Tự động,,Hoàn Tất
8139369,1782900641244GLW3-1,G1,Rewarble - Gift Card,Rewarble Super 5 EUR,1,1002518950,"7,99","0,4","7,59",,2PGRSGXOE3,1,,anhnqv,2026-07-01 17:10:42,2026-07-02 00:10:55,Gift Card,Hoàn Tất,Tự động,PF3MG3K8GG27KTC9,"""211178292584554487",,"6,12",GIFTCARD,2PGRSGXOE3,Tự động,,Hoàn Tất
8141890,1782906898261B21L-1,G1,Rewarble - Gift Card,Rewarble PayPal UK - 5 GBP,1,1004092800,"8,4","0,42","7,98",,2PGRPGE47Y,1,,anhnqv,2026-07-01 18:54:59,2026-07-01 21:07:59,Gift Card,Hoàn Tất,Tự động,IFR24EYDVSBVI1Y3,"""211178291405359678",,"7,13",GIFTCARD,2PGRPGE47Y,Tự động,,Hoàn Tất
8153442,1782919374941BSRV-1,G1,Valorant,EU 5350 Valorant Points EU - 50 EUR,1,1000279037,"53,39","2,66","50,73",,2GGVGC47WF,1,,,2026-07-01 22:22:56,2026-07-01 22:41:12,Gift Card,Hoàn Tất,Tự động,RA-4YEUNJD44UQSGPTS,"""211178292036496587",,"47,59",GIFTCARD,2GGVGC47WF,Tự động,,Hoàn Tất
8155490,1782924843487PPQA-1,G1,Xbox - Gift Card,XBOX GIFT CARD 20 USD,1,1004130118,"20,2","1,01","19,19",,2PGXGCVWF8,1,,anhnqv,2026-07-01 23:54:04,2026-07-02 09:58:00,Gift Card,Hoàn Tất,Tự động,TM933-XKC7T-QF246-HGHYW-F392Z,"""211178296107684802",,"17,52",GIFTCARD,2PGXGCVWF8,Tự động,,Hoàn Tất
8156743,1782927954597P4OJ-1,G1,Razer Gold - Gift Card,Razer - Global - 20 USD,2,1004129028,45,"2,25","42,75",,2PGRGPG3KX,1,,,2026-07-02 00:45:55,2026-07-02 09:22:34,Gift Card,Hoàn Tất,Tự động,YNVRTY87ZABNB2,"""211178295894785755",,"19,45",GIFTCARD,2PGRGPG3KX,Tự động,,Hoàn Tất
8156743,1782927954597P4OJ-1,G1,Razer Gold - Gift Card,Razer - Global - 20 USD,2,1004129028,0,0,0,,2PGRGPG3KX,1,,,2026-07-02 00:45:55,2026-07-02 09:22:34,Gift Card,Hoàn Tất,Tự động,KL4M6WFJE3EXAA,"""211178295894788573",,"19,45",GIFTCARD,2PGRGPG3KX,Tự động,,Đã up code
8158622,1782932398956EXEX-1,G1,Razer Gold - Gift Card,Razer - Global - 20 USD,1,1004128428,"22,5","1,12","21,38",,2PGRGPG3KX,1,,,2026-07-02 01:59:59,2026-07-02 10:49:58,Gift Card,Hoàn Tất,Tự động,PMPB977N2GKMB9,"""211178296419491260",,"19,45",GIFTCARD,2PGRGPG3KX,Tự động,,Hoàn Tất
8161119,1782938794086L88D-1,G1,Rewarble - Gift Card,Rewarble Super Gift Card EU - 500 EUR,1,1004114950,720,"35,93","684,07",,2PGRSG0UVU,1,,,2026-07-02 03:46:34,2026-07-02 10:23:25,Gift Card,Hoàn Tất,Tự động,VLR1FAME7M37LSQZ,"""211178296247285861",,"609,38",GIFTCARD,2PGRSG0UVU,Tự động,,Hoàn Tất
8161502,1782939954752WN7X-1,G1,Rewarble - Gift Card,Rewarble Super Gift Card USA - 15 USD,1,1004122554,"19,5","0,97","18,53",,2PGRSGR0FL,1,,,2026-07-02 04:05:55,2026-07-02 12:47:59,Gift Card,Hoàn Tất,Tự động,N9TZ64KIS8RANQV3,"""203178297127242556",,"16,14",GIFTCARD,2PGRSGR0FL,Tự động,,Hoàn Tất
8165616,1782952161406ENC9-1,G1,Amazon - Gift Card,Amazon Gift Card USD 20 (US),1,1004131749,"21,59","1,08","20,51",,2PGAGCQQNO,1,,,2026-07-02 07:29:22,2026-07-02 09:04:10,Gift Card,Hoàn Tất,Tự động,UJR2-KSGUU2-H3A3,"""211178295784315598",,"19,24",GIFTCARD,2PGAGCQQNO,Tự động,,Hoàn Tất
8166791,1782955283248CJ9U-1,G1,Steam - Gift Card,Steam Wallet 10 USD Global,1,1004131870,"23,35","1,17","22,18",,2PGSWCSZ6C,1,,,2026-07-02 08:21:24,2026-07-02 09:18:58,Gift Card,Hoàn Tất,Tự động,YC53D-Q6Q32-NEHAD,"""211178295771928447",,"10,23",GIFTCARD,2PGSWCSZ6C,Tự động,,Hoàn Tất
8169309,1782958021057VFEW-1,G1,Amazon - Gift Card,Amazon Gift Card USD 25 (US),1,1002055785,"24,99","1,25","23,74",,2PGAGCTHQA,1,,,2026-07-02 09:07:02,2026-07-02 10:00:04,Gift Card,Hoàn Tất,Tự động,8B54-WPK68P-H9AY,"""211178296119762043",,"21,77",GIFTCARD,2PGAGCTHQA,Tự động,,Hoàn Tất
8172128,1782960710952LJG8-1,G1,Amazon - Gift Card,Amazon Gift Card 20 GBP United Kingdom,2,3938648,64,"3,19","60,81",,2PGAGCVUFN,1,,anhnqv,2026-07-02 09:51:52,2026-07-02 10:23:56,Gift Card,Hoàn Tất,Tự động,DLSV-VVFFZW-GFB7,"""211178296263143762",,"27,7",GIFTCARD,2PGAGCVUFN,Tự động,,Hoàn Tất
8172128,1782960710952LJG8-1,G1,Amazon - Gift Card,Amazon Gift Card 20 GBP United Kingdom,2,3938648,0,0,0,,2PGAGCVUFN,1,,anhnqv,2026-07-02 09:51:52,2026-07-02 10:23:56,Gift Card,Hoàn Tất,Tự động,9KAQ-YEMZE9-XAB2,"""211178296263138949",,"27,7",GIFTCARD,2PGAGCVUFN,Tự động,,Đã up code
8180899,1782975679992JMJ4-1,G1,Valorant,MENA 8700 Valorant Points MENA - 80 EUR,1,1001106871,"82,1","4,1",78,,2GGVGCGZ2U,1,,qtvlinhmp,2026-07-02 14:01:21,2026-07-02 16:48:37,Gift Card,Hoàn Tất,Tự động,RA-4R7GGNN2YG63LGBW,"""193178298562182239",,"71,69",GIFTCARD,2GGVGCGZ2U,Tự động,,Hoàn Tất
8184226,1782984730792AKLV-1,G1,LOL - League of Legends,League of Legends - 20 EUR,1,1001694098,"21,3","1,06","20,24",,2GGLOLDKOI,1,,,2026-07-02 16:32:11,2026-07-02 18:19:54,Gift Card,Hoàn Tất,Tự động,RA-Y5DB4C7MCH9F564P,"""193178298667522275",,"18,84",GIFTCARD,2GGLOLDKOI,Tự động,,Hoàn Tất
8184421,1782985176739V8GY-1,G1,Riot Points - Gift Card,Riot Points GC 50 Euro,1,7510016,54,"2,69","51,31",,2GGRPGNVA4,1,,,2026-07-02 16:39:37,2026-07-02 17:49:28,Gift Card,Hoàn Tất,Tự động,RA-LM38NBA8XV9E2NU3,"""193178298914322829",,"47,59",GIFTCARD,2GGRPGNVA4,Tự động,,Hoàn Tất
8184724,1782985916169MCGB-1,G1,Amazon - Gift Card,Amazon Gift Card USD 5 (US),1,1002723130,"5,87","0,29","5,58",,2PGAGCJ7IP,1,,qtvlinhmp,2026-07-02 16:51:57,2026-07-02 18:30:40,Gift Card,Hoàn Tất,Tự động,V95P-PT9YZG-93AK,"""193178299183716468",,"5,12",GIFTCARD,2PGAGCJ7IP,Tự động,,Hoàn Tất
8185422,1782987591831FCB4-1,G1,Riot Points - Gift Card,Riot Points GC 20 Euro,1,1003959970,"21,85","1,09","20,76",,2GGRPGQTZG,1,,,2026-07-02 17:19:52,2026-07-02 20:18:32,Gift Card,Hoàn Tất,Tự động,RA-G3KDW4KAF4WWN7RV,"""211178299830995329",,"18,84",GIFTCARD,2GGRPGQTZG,Tự động,,Hoàn Tất
8188281,1782994675679GTIK-1,G1,Rewarble - Gift Card,Rewarble PayPal - 15 USD,1,1000757465,"18,5","0,92","17,58",,2PGRPGZ3RL,1,,anhnqv,2026-07-02 19:17:56,2026-07-02 20:17:14,Gift Card,Hoàn Tất,Tự động,2649VN2441P2GH7E,"""211178299822550069",,"16,11",GIFTCARD,2PGRPGZ3RL,Tự động,,Hoàn Tất
8189159,1782997157933ZVSN-1,G1,Valorant,EU 3650 Valorant Points EU - 35 EUR,1,1003116416,"37,5","1,87","35,63",,2GGVGC7976,1,,,2026-07-02 19:59:19,2026-07-02 20:31:11,Gift Card,Hoàn Tất,Tự động,RA-DKHFJ2CA3B5C6GNL,"""211178299826842200",,"32,96",GIFTCARD,2GGVGC7976,Tự động,,Hoàn Tất
8193051,1783007783828ZU3O-1,G1,LOL - League of Legends,League of Legends - 35 EUR,1,3943879,"37,5","1,87","35,63",,2GGLOLGWOZ,1,,anhnqv,2026-07-02 22:56:24,2026-07-02 23:56:27,Gift Card,Hoàn Tất,Tự động,RA-ELF52J9GBV73EMLW,"""211178300952824368",,"33,01",GIFTCARD,2GGLOLGWOZ,Tự động,,Hoàn Tất
8194378,1783011566049SZ07-1,G1,Amazon - Gift Card,Amazon Gift Card USD 25 (US),1,1003060192,"24,99","1,25","23,74",,2PGAGCTHQA,1,,qtvlinhmp,2026-07-02 23:59:27,2026-07-03 11:07:29,Gift Card,Hoàn Tất,Tự động,Y5PK-QLLQAH-UUAR,"""193178305164029977",,"22,08",GIFTCARD,2PGAGCTHQA,Tự động,,Hoàn Tất
8194516,1783012074117ZBX2-1,G1,Rewarble - Gift Card,Rewarble PayPal5 USD,1,1002965414,"6,69","0,33","6,36",,2PGRPGOSYM,1,,anhnqv,2026-07-03 00:07:55,2026-07-03 20:42:59,Gift Card,Hoàn Tất,Tự động,U3QVIBTJ46X9BUQ3,"""211178308617550219",,"5,37",GIFTCARD,2PGRPGOSYM,Tự động,,Hoàn Tất
8195374,1783014264977VKA6-1,G1,Amazon - Gift Card,Amazon Gift Card USD 25 (US),1,1004134356,"24,99","1,25","23,74",,2PGAGCTHQA,1,,anhnqv,2026-07-03 00:44:25,2026-07-03 20:35:13,Gift Card,Hoàn Tất,Tự động,7JT7-W86LES-GJAH,"""211178308570529855",,"21,77",GIFTCARD,2PGAGCTHQA,Tự động,,Hoàn Tất
8197608,1783020406168SAFW-1,G1,Valorant,EU 11000 Valorant Points EU - 100 EUR,1,1000843369,"106,5","5,31","101,19",,2GGVGC7A9Y,1,,,2026-07-03 02:26:47,2026-07-03 08:47:50,Gift Card,Hoàn Tất,Tự động,RA-V28SYA7S78BP6GMH,"""193178304326239395",,"94,16",GIFTCARD,2GGVGC7A9Y,Tự động,,Hoàn Tất
8197777,1783020840329PHD0-1,G1,Valorant,EU 3650 Valorant Points EU - 35 EUR,1,1001178082,"37,5","1,87","35,63",,2GGVGC7976,1,,,2026-07-03 02:34:01,2026-07-03 08:23:21,Gift Card,Hoàn Tất,Tự động,RA-PUWPG2FUL8Z5EC7Q,"""193178304179670538",,"32,6",GIFTCARD,2GGVGC7976,Tự động,,Hoàn Tất
8199991,1783026159603A0FB-1,G1,LOL - League of Legends,League of Legends - 50 EUR,1,3783140,53,"2,64","50,36",,2GGLOL3JV1,1,,,2026-07-03 04:02:40,2026-07-03 23:45:39,Gift Card,Hoàn Tất,Tự động,RA-5D7L5J4J5UGK83EL,"""211178309713557468",,"47,59",GIFTCARD,2GGLOL3JV1,Tự động,,Hoàn Tất
8200637,1783027883121Z400-1,G1,Rewarble - Gift Card,Rewarble PayPal10 EUR,1,1001639786,"14,5","0,72","13,78",,2PGRPG8R76,1,,anhnqv,2026-07-03 04:31:24,2026-07-03 21:45:55,Gift Card,Hoàn Tất,Tự động,3JFHJ1SRMEW9YW1B,"""211178308994188015",,"12,3",GIFTCARD,2PGRPG8R76,Tự động,,Hoàn Tất
8203636,1783035667404SVBE-1,G1,LOL - League of Legends,League of Legends - 20 EUR,1,1003167841,"21,3","1,06","20,24",,2GGLOLDKOI,1,,qtvtrangdt1,2026-07-03 06:41:09,2026-07-03 15:51:45,Gift Card,Hoàn Tất,Tự động,RA-39U75TFEH3GVPNUY,"""203178306862839115",,"19,24",GIFTCARD,2GGLOLDKOI,Tự động,,Hoàn Tất
8204541,1783038414286PO6U-1,G1,PSN - Gift card,PSN Gift 150 SEK - Sweden,1,1001401841,19,"0,95","18,05",,2PGPNGFUHU,1,,,2026-07-03 07:26:55,2026-07-03 11:57:40,Gift Card,Hoàn Tất,Tự động,3CF9-33BK-CL9F,"""193178305465643807",,"15,38",GIFTCARD,2PGPNGFUHU,Tự động,,Hoàn Tất
8208504,1783050292705RSL4-1,G1,Valorant,EU 5350 Valorant Points EU - 50 EUR,1,1003819876,"53,39","2,66","50,73",,2GGVGC47WF,1,,qtvlinhmp,2026-07-03 10:44:53,2026-07-03 11:18:51,Gift Card,Hoàn Tất,Tự động,RA-ETPP33UQSFPSMG78,"""193178305232226703",,"47,59",GIFTCARD,2GGVGC47WF,Tự động,,Hoàn Tất
8212415,1783061543131N7EK-1,G1,Valorant,EU 11000 Valorant Points EU - 100 EUR,1,6741566,"106,5","5,31","101,19",,2GGVGC7A9Y,1,,qtvtrangdt1,2026-07-03 13:52:24,2026-07-03 14:42:49,Gift Card,Hoàn Tất,Tự động,RA-AWE2P2W4K99ADRDB,"""203178306302784426",,"94,16",GIFTCARD,2GGVGC7A9Y,Tự động,,Hoàn Tất
8220529,1783074844365DDFV-1,G1,Valorant,UK Valorant Point UK - 5 GBP,1,1003858445,"7,69","0,38","7,31",,2GGVGC60RQ,1,,,2026-07-03 17:34:05,2026-07-04 18:08:44,Gift Card,Hoàn Tất,Tự động,RA-47GHS54UPLN7RVT9,"""193178316331740559",,"6,55",GIFTCARD,2GGVGC60RQ,Tự động,,Hoàn Tất
8228175,1783089952039ZJ13-1,G1,LOL - League of Legends,League of Legends - 20 EUR,1,4950784,"22,1","1,1",21,,2GGLOLDKOI,1,,,2026-07-03 21:45:53,2026-07-03 22:00:35,Gift Card,Hoàn Tất,Tự động,RA-BDNW9BKKUBRJ4MLV,"""211178309082966903",,"19,24",GIFTCARD,2GGLOLDKOI,Tự động,,Hoàn Tất
8228228,1783090265524U8US-1,G1,LOL - League of Legends,League of Legends - 20 EUR,1,1000010783,"22,1","1,1",21,,2GGLOLDKOI,1,,,2026-07-03 21:51:06,2026-07-03 22:04:43,Gift Card,Hoàn Tất,Tự động,RA-TK6UJRZFX27JUBRL,"""211178309107351592",,"19,24",GIFTCARD,2GGLOLDKOI,Tự động,,Hoàn Tất
8228463,1783091042376AUX8-1,G1,LOL - League of Legends,League of Legends - 10 EUR,1,4950784,11,"0,55","10,45",,2GGLOLV56A,1,,anhnqv,2026-07-03 22:04:03,2026-07-03 22:16:47,Gift Card,Hoàn Tất,Tự động,RA-SFJ6XU9CRJ2CBCEU,"""211178309179932527",,"9,42",GIFTCARD,2GGLOLV56A,Tự động,,Hoàn Tất
8228971,1783093027512LIEQ-1,G1,PSN - Gift card,PSN Gift 150 SEK - Sweden,1,1001572325,19,"0,95","18,05",,2PGPNGFUHU,1,,anhnqv,2026-07-03 22:37:08,2026-07-03 22:47:19,Gift Card,Hoàn Tất,Tự động,N8TG-Q4EF-X64B,"""211178309363239365",,"15,39",GIFTCARD,2PGPNGFUHU,Tự động,,Hoàn Tất
8229967,1783096821935KPHX-1,G1,Riot Points - Gift Card,EU 2050 Valorant Points EU - 20 EUR,1,1003593946,"21,85","1,09","20,76",,2GGVGC9OVX,1,,,2026-07-03 23:40:27,2026-07-04 00:05:14,Gift Card,Hoàn Tất,Tự động,RA-GX5HUFD9XPEMPB7T,"""211178309831026664",,"21,48",GIFTCARD,2GGVGC9OVX,Tự động,,Hoàn Tất
8230931,1783100463170XSX0-1,G1,Rewarble - Gift Card,Rewarble Super 5 GBP,1,1004134132,"8,5","0,42","8,08",,2PGRSGU37W,1,,,2026-07-04 00:41:04,2026-07-04 14:45:05,Gift Card,Hoàn Tất,Tự động,3D8TXK1RGJA9N4B2,"""203178315110134136",,"7,18",GIFTCARD,2PGRSGU37W,Tự động,,Hoàn Tất
8231199,1783101022727V1H0-1,G1,Rewarble - Gift Card,Rewarble Super 15 CAD,1,1004009375,"19,5","0,97","18,53",,2PGRSGKKDF,1,,qtvanhltv,2026-07-04 00:50:28,2026-07-04 11:03:53,Gift Card,Hoàn Tất,Tự động,EGFM576AL6V915TT,"""185178313782522699",,"11,32",GIFTCARD,2PGRSGKKDF,Tự động,,Hoàn Tất
8233117,1783108289176WSH4-1,G1,PSN - Gift card,PSN Gift 10 EUR - Portugal,1,1004139631,"13,66","0,68","12,98",,2PGPNGK75K,1,,anhnqv,2026-07-04 02:51:30,2026-07-06 14:15:12,Gift Card,Hoàn Tất,Tự động,T723-HABA-N8DH,"""211178332210381557",,"11,42",GIFTCARD,2PGPNGK75K,Tự động,,Hoàn Tất
8236434,1783120206798D3Q3-1,G1,Rewarble - Gift Card,Rewarble PayPal5 USD,1,1001335745,"6,69","0,33","6,36",,2PGRPGOSYM,1,,,2026-07-04 06:10:07,2026-07-04 21:51:26,Gift Card,Hoàn Tất,Tự động,KP1SXZRUMB2MST69,"""211178317668164799",,"5,37",GIFTCARD,2PGRPGOSYM,Tự động,,Hoàn Tất
8239292,1783131474720E8NR-1,G1,LOL - League of Legends,League of Legends - 50 EUR,1,1002808004,55,"2,74","52,26",,2GGLOL3JV1,1,,qtvtrangdt1,2026-07-04 09:17:55,2026-07-04 10:16:42,Gift Card,Hoàn Tất,Tự động,RA-RGUKZ468E563NSNN,"""203178313499842987",,"47,59",GIFTCARD,2GGLOL3JV1,Tự động,,Hoàn Tất
8239512,1783132433111RPGC-1,G1,Minecraft - Gift Card,PC - Minecraft Java & Bedrock Edition - Key,1,1000235912,"19,5","0,97","18,53",,2GGMGCSPML,1,,qtvtrangdt1,2026-07-04 09:33:54,2026-07-04 11:15:35,Gift Card,Hoàn Tất,Tự động,DK9FF-YVVWQ-PKRMR-GKPMJ-J4PJZ,"""203178313853189298",,"17,97",GIFTCARD,2GGMGCSPML,Tự động,,Hoàn Tất
8239529,1783132507189JHN9-1,G1,LOL - League of Legends,League of Legends - 35 EUR,1,1002808004,"37,5","1,87","35,63",,2GGLOLGWOZ,1,,,2026-07-04 09:35:08,2026-07-04 10:15:42,Gift Card,Hoàn Tất,Tự động,RA-YG4TK3EMKPKE3SK6,"""203178313493621615",,"33,01",GIFTCARD,2GGLOLGWOZ,Tự động,,Hoàn Tất
8241305,1783139136263C0OW-1,G1,Mastercard,Mastercard Gift Card USA - 25 USD,1,1003936619,31,"1,55","29,45",,2PGMGCVN6Q,1,,anhnqv,2026-07-04 11:25:37,2026-07-04 21:46:58,Gift Card,Hoàn Tất,Tự động,https://redeem.yourdigitalreward.com/activate-code/1a0911ba5b2f2888f9a2a4110ce5d5c26de2f70c,"""211178317641496756",,"26,03",GIFTCARD,2PGMGCVN6Q,Tự động,,Hoàn Tất
8243217,1783146682423SODC-1,G1,Steam - Gift Card,Steam Wallet 10 USD Global,1,1003481267,"23,35","1,17","22,18",,2PGSWCSZ6C,1,,,2026-07-04 13:31:23,2026-07-04 13:57:14,Gift Card,Hoàn Tất,Tự động,FPQPR-TBVHG-4Q5ZA,"""203178314822427836",,"10,01",GIFTCARD,2PGSWCSZ6C,Tự động,,Hoàn Tất
8245146,1783153777323AE4M-1,G1,Riot Points - Gift Card,Riot Points GC 20 Euro,1,1003913612,"22,3","1,11","21,19",,2GGRPGQTZG,1,,,2026-07-04 15:29:38,2026-07-04 15:36:43,Gift Card,Hoàn Tất,Tự động,RA-HK5NKPDMN5GQXAA9,"""203178315420084327",,"19,24",GIFTCARD,2GGRPGQTZG,Tự động,,Hoàn Tất
8247867,1783163332920JMQ5-1,G1,Steam - Gift Card,Steam Wallet 10 USD Global,2,1004141967,"46,7","2,33","44,37",,2PGSWCSZ6C,1,,anhnqv,2026-07-04 18:08:53,2026-07-04 20:55:21,Gift Card,Hoàn Tất,Tự động,Y9D7V-BN5DJ-4LIC2,"""211178317331751435",,"20,23",GIFTCARD,2PGSWCSZ6C,Tự động,,Hoàn Tất
8247867,1783163332920JMQ5-1,G1,Steam - Gift Card,Steam Wallet 10 USD Global,2,1004141967,0,0,0,,2PGSWCSZ6C,1,,anhnqv,2026-07-04 18:08:53,2026-07-04 20:55:21,Gift Card,Hoàn Tất,Tự động,2IXFX-4LZYF-44T5A,"""211178317331755126",,"20,23",GIFTCARD,2PGSWCSZ6C,Tự động,,Đã up code
8249731,1783169721862M2NN-1,G1,Riot Points - Gift Card,Riot Points GC 20 Euro,1,6602064,"22,3","1,11","21,19",,2GGRPGQTZG,1,,,2026-07-04 19:55:22,2026-07-04 20:58:55,Gift Card,Hoàn Tất,Tự động,RA-X7S4TLACMRQZJGFK,"""211178317353220555",,"19,24",GIFTCARD,2GGRPGQTZG,Tự động,,Hoàn Tất
8260384,1783186022077BKU5-1,G1,Steam - Gift Card,Steam Wallet 10 USD Global,1,1002962530,"23,35","1,17","22,18",,2PGSWCSZ6C,1,,anhnqv,2026-07-05 00:27:03,2026-07-05 17:35:54,Gift Card,Hoàn Tất,Tự động,3I085-9QKX2-3E5Q5,"""211178324775033582",,"10,23",GIFTCARD,2PGSWCSZ6C,Tự động,,Hoàn Tất
8262571,1783191560964W6B8-1,G1,Amazon - Gift Card,Amazon Gift Card USD 10 (US),1,1001235986,"11,72","0,58","11,14",,2PGAGCU5SG,1,,,2026-07-05 01:59:21,2026-07-05 10:05:30,Gift Card,Hoàn Tất,Tự động,D3D9F2UFJRAKAJ,"""193178322072646289",,"8,91",GIFTCARD,2PGAGCU5SG,Tự động,,Hoàn Tất
8262683,1783192006278SGYG-1,G1,Overwatch 2 - Gift Card,Overwatch 2 - Gift Card - 500 Coins,1,7738134,"9,15","0,46","8,69",,2GGO2GY2C8,1,,,2026-07-05 02:06:47,2026-07-05 16:39:54,Gift Card,Hoàn Tất,Tự động,4TTP-SV9N-JQPPG-W335-TFMR,"""211178324438580792",,"8,1",GIFTCARD,2GGO2GY2C8,Tự động,,Hoàn Tất
8264631,1783199405963D1MD-1,G1,Amazon - Gift Card,Amazon Gift Card 20 GBP United Kingdom,1,6737903,32,"1,6","30,4",,2PGAGCVUFN,1,,,2026-07-05 04:10:06,2026-07-05 09:56:49,Gift Card,Hoàn Tất,Tự động,8QNE-5LV83H-CSBD,"""193178322020539480",,"27,85",GIFTCARD,2PGAGCVUFN,Tự động,,Hoàn Tất
8265461,1783202573544WPKL-1,G1,Steam - Gift Card,Ukraine Steam Wallet 100 UAH,1,1003947125,"3,5","0,17","3,33",,2PGSWCYLI7,1,,qtvlinhmp,2026-07-05 05:02:54,2026-07-05 09:44:51,Gift Card,Hoàn Tất,Tự động,P3MR4-N0J8I-NXCYM,"""193178321948161676",,"2,42",GIFTCARD,2PGSWCYLI7,Tự động,,Hoàn Tất
8266993,1783208486605S2J4-1,G1,Xbox - Gift Card,XBOX GIFT CARD 20 USD,1,1001835669,"20,2","1,01","19,19",,2PGXGCVWF8,1,,,2026-07-05 06:41:27,2026-07-05 09:28:21,Gift Card,Hoàn Tất,Tự động,D4XT6-9MQ4Q-XP734-XMQ4X-G3DXZ,"""193178321849577359",,"17,52",GIFTCARD,2PGXGCVWF8,Tự động,,Hoàn Tất
8268153,1783213142253AEAW-1,G1,Riot Points - Gift Card,Riot Points GC 20 Euro,1,1001063899,"22,3","1,11","21,19",,2GGRPGQTZG,1,,qtvlinhmp,2026-07-05 07:59:04,2026-07-05 09:24:05,Gift Card,Hoàn Tất,Tự động,RA-W5K9BJGFHXZTUJWM,"""193178321823747033",,"19,24",GIFTCARD,2GGRPGQTZG,Tự động,,Hoàn Tất
8275615,1783229949420KDU3-1,G1,Apple - Gift Card,US App Store / iTunes Gift Card 2 USD,2,5458089,"4,4","0,22","4,18",,2PGAGCRNJQ,1,,qtvanhltv,2026-07-05 12:39:10,2026-07-05 12:47:55,Gift Card,Hoàn Tất,Tự động,XVWTL3LRYXTXPLTQ,"""185178323046647667",,"1,96",GIFTCARD,2PGAGCRNJQ,Tự động,,Hoàn Tất
8275615,1783229949420KDU3-1,G1,Apple - Gift Card,US App Store / iTunes Gift Card 2 USD,2,5458089,0,0,0,,2PGAGCRNJQ,1,,qtvanhltv,2026-07-05 12:39:10,2026-07-05 12:47:55,Gift Card,Hoàn Tất,Tự động,XWJ6X93P463WLZYJ,"""185178323046661356",,"1,96",GIFTCARD,2PGAGCRNJQ,Tự động,,Đã up code
8275830,1783230870830GF8I-1,G1,Netflix - Gift Card,Netflix - Gift Card  500 TRY,1,8234505,13,"0,65","12,35",,2PGNGC446L,1,,,2026-07-05 12:54:31,2026-07-05 13:06:39,Gift Card,Hoàn Tất,Tự động,NAA3QC5FZ4H5C7LK,"""185178323159243315",,"9,74",GIFTCARD,2PGNGC446L,Tự động,,Hoàn Tất
8275880,1783231055638OHVI-1,G1,Steam - Gift Card,Ukraine Steam Wallet 100 UAH,1,1003646170,"3,5","0,17","3,33",,2PGSWCYLI7,1,,,2026-07-05 12:57:36,2026-07-05 13:05:01,Gift Card,Hoàn Tất,Tự động,B7RBF-B7G7C-4RQDI,"""185178323149488640",,"2,42",GIFTCARD,2PGSWCYLI7,Tự động,,Hoàn Tất
8276984,1783235385351VHRD-1,G1,Rewarble - Gift Card,Rewarble PayPal - 15 USD,1,1002684301,"18,5","0,92","17,58",,2PGRPGZ3RL,1,,qtvanhltv,2026-07-05 14:09:46,2026-07-05 14:20:11,Gift Card,Hoàn Tất,Tự động,VW4R82RVZ2LQP43B,"""185178323600467350",,"16,11",GIFTCARD,2PGRPGZ3RL,Tự động,,Hoàn Tất
8281583,1783252977088BAFK-1,G1,Rewarble - Gift Card,Rewarble Super 5 CAD,1,1001668173,5,"0,25","4,75",,2PGRSG7MDP,1,,,2026-07-05 19:02:58,2026-07-05 19:12:22,Gift Card,Hoàn Tất,Tự động,2A2T7AGJ3LD5AEGL,"""211178325353386427",,"3,79",GIFTCARD,2PGRSG7MDP,Tự động,,Hoàn Tất
8281889,1783254138064NZ69-1,G1,Amazon - Gift Card,Amazon Gift Card USD 25 (US),1,1004100051,"25,39","1,27","24,12",,2PGAGCTHQA,1,,,2026-07-05 19:22:19,2026-07-05 19:45:24,Gift Card,Hoàn Tất,Tự động,KS5TANJNQH87AT,"""211178325551754439",,"23,04",GIFTCARD,2PGAGCTHQA,Tự động,,Hoàn Tất
8282415,1783256113028LXXO-1,G1,Amazon - Gift Card,Amazon Gift Card USD 25 (US),1,1001115856,"27,26","1,36","25,9",,2PGAGCTHQA,1,,,2026-07-05 19:55:13,2026-07-05 20:02:30,Gift Card,Hoàn Tất,Tự động,KDHX-7FSRE6-A9AX,"""211178325654696865",,"23,8",GIFTCARD,2PGAGCTHQA,Tự động,,Hoàn Tất
8283347,1783259541670EYW5-1,G1,Steam - Gift Card,Steam Wallet 100 USD Global,1,1002598454,"113,5","5,66","107,84",,2PGSWCK0TT,1,,,2026-07-05 20:52:27,2026-07-05 21:06:09,Gift Card,Hoàn Tất,Tự động,3M8XN-ZRXZB-XTN2B,"""185178326036414928",,25,GIFTCARD,2PGSWCK0TT,Tự động,,Hoàn Tất
8284893,1783264670195KTNN-1,G1,Amazon - Gift Card,Amazon Gift Card USD 25 (US),8,1000129941,276,"13,77","262,23",,2PGAGCTHQA,1,,,2026-07-05 22:17:51,2026-07-05 23:38:46,Gift Card,Hoàn Tất,Tự động,SCUP-KTXVHB-ZMAB,"""185178326951929119",,"23,8",GIFTCARD,2PGAGCTHQA,Tự động,,Hoàn Tất
8284893,1783264670195KTNN-1,G1,Amazon - Gift Card,Amazon Gift Card USD 25 (US),8,1000129941,0,0,0,,2PGAGCTHQA,1,,,2026-07-05 22:17:51,2026-07-05 23:38:46,Gift Card,Hoàn Tất,Tự động,XG36-4PGMMK-SXAU,"""185178326951920192",,"23,8",GIFTCARD,2PGAGCTHQA,Tự động,,Đã up code
8284893,1783264670195KTNN-1,G1,Amazon - Gift Card,Amazon Gift Card USD 25 (US),8,1000129941,0,0,0,,2PGAGCTHQA,1,,,2026-07-05 22:17:51,2026-07-05 23:38:46,Gift Card,Hoàn Tất,Tự động,Q4ZC-4NK5JT-64AZ,"""185178326951980401",,"23,8",GIFTCARD,2PGAGCTHQA,Tự động,,Đã up code
8284893,1783264670195KTNN-1,G1,Amazon - Gift Card,Amazon Gift Card USD 25 (US),8,1000129941,0,0,0,,2PGAGCTHQA,1,,,2026-07-05 22:17:51,2026-07-05 23:38:46,Gift Card,Hoàn Tất,Tự động,7EML-UBRFQF-SHAR,"""185178326951914817",,"23,8",GIFTCARD,2PGAGCTHQA,Tự động,,Đã up code
8284893,1783264670195KTNN-1,G1,Amazon - Gift Card,Amazon Gift Card USD 25 (US),8,1000129941,0,0,0,,2PGAGCTHQA,1,,,2026-07-05 22:17:51,2026-07-05 23:38:46,Gift Card,Hoàn Tất,Tự động,TAV5-7FVTU3-ZFAT,"""185178326951978463",,"23,8",GIFTCARD,2PGAGCTHQA,Tự động,,Đã up code
8284893,1783264670195KTNN-1,G1,Amazon - Gift Card,Amazon Gift Card USD 25 (US),8,1000129941,0,0,0,,2PGAGCTHQA,1,,,2026-07-05 22:17:51,2026-07-05 23:38:46,Gift Card,Hoàn Tất,Tự động,4XEK-JHEKEV-H8AY,"""185178326951994057",,"23,8",GIFTCARD,2PGAGCTHQA,Tự động,,Đã up code
8284893,1783264670195KTNN-1,G1,Amazon - Gift Card,Amazon Gift Card USD 25 (US),8,1000129941,0,0,0,,2PGAGCTHQA,1,,,2026-07-05 22:17:51,2026-07-05 23:38:46,Gift Card,Hoàn Tất,Tự động,BDZ5-RZJCYD-FFAM,"""185178326951923354",,"23,8",GIFTCARD,2PGAGCTHQA,Tự động,,Đã up code
8284893,1783264670195KTNN-1,G1,Amazon - Gift Card,Amazon Gift Card USD 25 (US),8,1000129941,0,0,0,,2PGAGCTHQA,1,,,2026-07-05 22:17:51,2026-07-05 23:38:46,Gift Card,Hoàn Tất,Tự động,ZR6U-DG8VGT-8UAR,"""185178326951995227",,"23,8",GIFTCARD,2PGAGCTHQA,Tự động,,Đã up code
8285333,1783266270350H8MT-1,G1,Steam - Gift Card,Steam Wallet 10 USD Global,15,1004147144,"350,25","17,48","332,77",,2PGSWCSZ6C,1,,anhnqv,2026-07-05 22:44:31,2026-07-06 10:33:33,Gift Card,Hoàn Tất,Tự động,TTQCY-C9VRE-WJ5CX,"""211178330880190483",,"10,23",GIFTCARD,2PGSWCSZ6C,Tự động,,Hoàn Tất
8285333,1783266270350H8MT-1,G1,Steam - Gift Card,Steam Wallet 10 USD Global,15,1004147144,0,0,0,,2PGSWCSZ6C,1,,anhnqv,2026-07-05 22:44:31,2026-07-06 10:33:33,Gift Card,Hoàn Tất,Tự động,ECLZN-VBIQN-VX7J0,"""211178330880190237",,"10,23",GIFTCARD,2PGSWCSZ6C,Tự động,,Đã up code
8285333,1783266270350H8MT-1,G1,Steam - Gift Card,Steam Wallet 10 USD Global,15,1004147144,0,0,0,,2PGSWCSZ6C,1,,anhnqv,2026-07-05 22:44:31,2026-07-06 10:33:33,Gift Card,Hoàn Tất,Tự động,M404N-XCD0F-4GE0J,"""211178330880123854",,"10,23",GIFTCARD,2PGSWCSZ6C,Tự động,,Đã up code
8285333,1783266270350H8MT-1,G1,Steam - Gift Card,Steam Wallet 10 USD Global,15,1004147144,0,0,0,,2PGSWCSZ6C,1,,anhnqv,2026-07-05 22:44:31,2026-07-06 10:33:33,Gift Card,Hoàn Tất,Tự động,QTJXM-6X0MF-ZBKQE,"""211178330880133206",,"10,23",GIFTCARD,2PGSWCSZ6C,Tự động,,Đã up code
8285333,1783266270350H8MT-1,G1,Steam - Gift Card,Steam Wallet 10 USD Global,15,1004147144,0,0,0,,2PGSWCSZ6C,1,,anhnqv,2026-07-05 22:44:31,2026-07-06 10:33:33,Gift Card,Hoàn Tất,Tự động,26FI4-TH4EM-7YT9W,"""211178330880139030",,"10,23",GIFTCARD,2PGSWCSZ6C,Tự động,,Đã up code
8285333,1783266270350H8MT-1,G1,Steam - Gift Card,Steam Wallet 10 USD Global,15,1004147144,0,0,0,,2PGSWCSZ6C,1,,anhnqv,2026-07-05 22:44:31,2026-07-06 10:33:33,Gift Card,Hoàn Tất,Tự động,CMDBN-00LCH-8YWDQ,"""211178330880111994",,"10,23",GIFTCARD,2PGSWCSZ6C,Tự động,,Đã up code
8285333,1783266270350H8MT-1,G1,Steam - Gift Card,Steam Wallet 10 USD Global,15,1004147144,0,0,0,,2PGSWCSZ6C,1,,anhnqv,2026-07-05 22:44:31,2026-07-06 10:33:33,Gift Card,Hoàn Tất,Tự động,JIYW3-LJPKY-H857A,"""211178330880110371",,"10,23",GIFTCARD,2PGSWCSZ6C,Tự động,,Đã up code
8285333,1783266270350H8MT-1,G1,Steam - Gift Card,Steam Wallet 10 USD Global,15,1004147144,0,0,0,,2PGSWCSZ6C,1,,anhnqv,2026-07-05 22:44:31,2026-07-06 10:33:33,Gift Card,Hoàn Tất,Tự động,QHYFP-EQKC8-CG437,"""211178330880190098",,"10,23",GIFTCARD,2PGSWCSZ6C,Tự động,,Đã up code
8285333,1783266270350H8MT-1,G1,Steam - Gift Card,Steam Wallet 10 USD Global,15,1004147144,0,0,0,,2PGSWCSZ6C,1,,anhnqv,2026-07-05 22:44:31,2026-07-06 10:33:33,Gift Card,Hoàn Tất,Tự động,TJ578-6IW2W-GXKWQ,"""211178330880159149",,"10,23",GIFTCARD,2PGSWCSZ6C,Tự động,,Đã up code
8285333,1783266270350H8MT-1,G1,Steam - Gift Card,Steam Wallet 10 USD Global,15,1004147144,0,0,0,,2PGSWCSZ6C,1,,anhnqv,2026-07-05 22:44:31,2026-07-06 10:33:33,Gift Card,Hoàn Tất,Tự động,9BBBX-0A2LW-FVWXT,"""211178330880121616",,"10,23",GIFTCARD,2PGSWCSZ6C,Tự động,,Đã up code
8285333,1783266270350H8MT-1,G1,Steam - Gift Card,Steam Wallet 10 USD Global,15,1004147144,0,0,0,,2PGSWCSZ6C,1,,anhnqv,2026-07-05 22:44:31,2026-07-06 10:33:33,Gift Card,Hoàn Tất,Tự động,HP4BV-0M0AG-KYYRX,"""211178330880139074",,"10,23",GIFTCARD,2PGSWCSZ6C,Tự động,,Đã up code
8285333,1783266270350H8MT-1,G1,Steam - Gift Card,Steam Wallet 10 USD Global,15,1004147144,0,0,0,,2PGSWCSZ6C,1,,anhnqv,2026-07-05 22:44:31,2026-07-06 10:33:33,Gift Card,Hoàn Tất,Tự động,2QL7M-PI86R-N24EQ,"""211178330880165323",,"10,23",GIFTCARD,2PGSWCSZ6C,Tự động,,Đã up code
8285333,1783266270350H8MT-1,G1,Steam - Gift Card,Steam Wallet 10 USD Global,15,1004147144,0,0,0,,2PGSWCSZ6C,1,,anhnqv,2026-07-05 22:44:31,2026-07-06 10:33:33,Gift Card,Hoàn Tất,Tự động,ZABPC-KV8VI-JAW55,"""211178330880188433",,"10,23",GIFTCARD,2PGSWCSZ6C,Tự động,,Đã up code
8285333,1783266270350H8MT-1,G1,Steam - Gift Card,Steam Wallet 10 USD Global,15,1004147144,0,0,0,,2PGSWCSZ6C,1,,anhnqv,2026-07-05 22:44:31,2026-07-06 10:33:33,Gift Card,Hoàn Tất,Tự động,N44TW-JHWHP-LENID,"""211178330880115281",,"10,23",GIFTCARD,2PGSWCSZ6C,Tự động,,Đã up code
8285333,1783266270350H8MT-1,G1,Steam - Gift Card,Steam Wallet 10 USD Global,15,1004147144,0,0,0,,2PGSWCSZ6C,1,,anhnqv,2026-07-05 22:44:31,2026-07-06 10:33:33,Gift Card,Hoàn Tất,Tự động,87Y4I-EIZ6N-ZLN3H,"""211178330880170035",,"10,23",GIFTCARD,2PGSWCSZ6C,Tự động,,Đã up code
8285606,1783267222858K4ZE-1,G1,Valorant,EU 2575 Valorant Points EU - 25 EUR,1,1003717942,"29,95","1,49","28,46",,2GGVGCNWWM,1,,,2026-07-05 23:00:23,2026-07-05 23:16:49,Gift Card,Hoàn Tất,Tự động,RA-UHNJGGNLQMPA5JY2,"""185178326820454046",,"26,32",GIFTCARD,2GGVGCNWWM,Tự động,,Hoàn Tất
8286011,1783268693134YVVB-1,G1,Riot Points - Gift Card,Riot Pin Gift Card Europe 20 EUR,1,1003798938,"22,3","1,11","21,19",,2GGRPGVX7K,1,,,2026-07-05 23:24:54,2026-07-06 11:31:20,Gift Card,Hoàn Tất,Tự động,RA-7MDNYKPETGQW6RYD,"""211178331227513010",,"19,24",GIFTCARD,2GGRPGVX7K,Tự động,,Hoàn Tất
8286106,1783269038574SA4H-1,G1,Riot Points - Gift Card,Riot Pin Gift Card Europe 20 EUR,1,1003798938,"22,3","1,11","21,19",,2GGRPGVX7K,1,,,2026-07-05 23:30:39,2026-07-05 23:57:20,Gift Card,Hoàn Tất,Tự động,RA-3Q3ZKHHUCZN3ZLN8,"""185178327063650798",,"19,24",GIFTCARD,2GGRPGVX7K,Tự động,,Hoàn Tất
8286787,1783271621076U92J-1,G1,Steam - Gift Card,Steam Wallet 100 USD Global,3,1004147144,"340,5","16,99","323,51",,2PGSWCK0TT,1,,anhnqv,2026-07-06 00:13:42,2026-07-10 10:07:57,Gift Card,Hoàn Tất,Tự động,-BWX42-9K7VP-W9YGM--ZQP63-PKKLH-4VE2V--FYJAP-ZK5Y4-OTRLA--B7L0I-IQ8KE-3RH06--CNXTK-K5T83-QLZ3W--N923V-0KJWE-ZCKRK--N3DB6-4XRTH-YTI2X,"""211178365255269163",,"100,03",GIFTCARD,2PGSWCK0TT,Tự động,,Hoàn Tất
8286787,1783271621076U92J-1,G1,Steam - Gift Card,Steam Wallet 100 USD Global,3,1004147144,0,0,0,,2PGSWCK0TT,1,,anhnqv,2026-07-06 00:13:42,2026-07-10 10:07:57,Gift Card,Hoàn Tất,Tự động,TJJYY-ECV42-GWD90--LBWQ0-NJXTC-ETT64--GBE09-RYW7G-KK3XJ--QHG0N-HN55Z-WL9PB,"""211178365255213108",,"100,03",GIFTCARD,2PGSWCK0TT,Tự động,,Đã up code
8286787,1783271621076U92J-1,G1,Steam - Gift Card,Steam Wallet 100 USD Global,3,1004147144,0,0,0,,2PGSWCK0TT,1,,anhnqv,2026-07-06 00:13:42,2026-07-10 10:07:57,Gift Card,Hoàn Tất,Tự động,NX5LR-HQPX8-RLK5Q--XGT63-KFYTZ-EJFI7--RL32H-FKWTF-KKY3A--BG7AW-7R4L2-W02DK,"""211178365287227184",,"100,03",GIFTCARD,2PGSWCK0TT,Tự động,,Đã up code
8289370,1783280458324HDLS-1,G1,Valorant,EU 2050 Valorant Points EU - 20 EUR,1,1001045742,"24,78","1,24","23,54",,2GGVGC9OVX,1,,,2026-07-06 02:40:59,2026-07-06 13:36:16,Gift Card,Hoàn Tất,Tự động,RA-W29WF8HK3FMN47D6,"""211178331976692124",,"21,27",GIFTCARD,2GGVGC9OVX,Tự động,,Hoàn Tất
8290840,1783285988916G7MS-1,G1,Overwatch 2 - Gift Card,Overwatch 2 - Gift Card - 500 Coins,1,6673570,"9,15","0,46","8,69",,2GGO2GY2C8,1,,,2026-07-06 04:13:11,2026-07-06 13:30:13,Gift Card,Hoàn Tất,Tự động,3SSP-Q5PW-TGSF6-386L-BW8W,"""211178331940073730",,"8,1",GIFTCARD,2GGO2GY2C8,Tự động,,Hoàn Tất
8293621,1783296979371EMSA-1,G1,Valorant,NA 2050 Valorant Points NA -20 USD Card,1,1002197865,"21,9","1,09","20,81",,2GGVGCJ4DA,1,,,2026-07-06 07:16:20,2026-07-06 11:32:05,Gift Card,Hoàn Tất,Tự động,RA-VF8L38MA7WPESC7K,"""211178331231820304",,"18,43",GIFTCARD,2GGVGCJ4DA,Tự động,,Hoàn Tất
8293943,1783298332904EUJK-1,G1,Valorant,EU 8700 Valorant Points EU - 80 EUR,1,1004148702,"84,99","4,24","80,75",,2GGVGC9IZ2,1,,anhnqv,2026-07-06 07:38:53,2026-07-06 08:56:41,Gift Card,Hoàn Tất,Tự động,RA-DQ7L6PSHWSY6L84L,"""211178330299549567",,"75,44",GIFTCARD,2GGVGC9IZ2,Tự động,,Hoàn Tất
8298327,1783308637796XY3C-1,G1,Amazon - Gift Card,Amazon Gift Card 5 GBP United Kingdom,1,1004123892,"7,9","0,39","7,51",,2PGAGCA6C3,1,,,2026-07-06 10:30:38,2026-07-06 14:28:12,Gift Card,Hoàn Tất,Tự động,G2EK-XK6BWK-2BBZ,"""211178332288070739",,"5,62",GIFTCARD,2PGAGCA6C3,Tự động,,Hoàn Tất
8304959,1783315156849MAM5-1,G1,Overwatch 2 - Gift Card,Overwatch 2 - Gift Card - 200 Coins,3,6714397,"16,5","0,82","15,68",,2GGO2GVUPK,1,,anhnqv,2026-07-06 12:19:17,2026-07-06 14:29:49,Gift Card,Hoàn Tất,Tự động,6BSB-9CRH-TL45Q-LJGT-N5M8,"""211178332298229601",,"4,81",GIFTCARD,2GGO2GVUPK,Tự động,,Hoàn Tất
8304959,1783315156849MAM5-1,G1,Overwatch 2 - Gift Card,Overwatch 2 - Gift Card - 200 Coins,3,6714397,0,0,0,,2GGO2GVUPK,1,,anhnqv,2026-07-06 12:19:17,2026-07-06 14:29:49,Gift Card,Hoàn Tất,Tự động,MQ9W-49XT-Q5BTF-9DSM-V3LX,"""211178332298222160",,"4,81",GIFTCARD,2GGO2GVUPK,Tự động,,Đã up code
8304959,1783315156849MAM5-1,G1,Overwatch 2 - Gift Card,Overwatch 2 - Gift Card - 200 Coins,3,6714397,0,0,0,,2GGO2GVUPK,1,,anhnqv,2026-07-06 12:19:17,2026-07-06 14:29:49,Gift Card,Hoàn Tất,Tự động,LJSP-J89K-BPLH8-QX65-XK58,"""211178332298246893",,"4,81",GIFTCARD,2GGO2GVUPK,Tự động,,Đã up code
8305357,1783316640861TJZY-1,G1,Amazon - Gift Card,Amazon Gift Card 10 GBP United Kingdom,1,1002188208,16,"0,8","15,2",,2PGAGC95EA,1,,,2026-07-06 12:44:02,2026-07-06 14:28:50,Gift Card,Hoàn Tất,Tự động,W8YG-58C35E-62BG,"""211178332292686730",,"13,92",GIFTCARD,2PGAGC95EA,Tự động,,Hoàn Tất
8309541,1783333327552YJC9-1,G1,Rewarble - Gift Card,Rewarble Super 5 CAD,1,1001980138,5,"0,25","4,75",,2PGRSG7MDP,1,,,2026-07-06 17:22:08,2026-07-06 17:42:53,Gift Card,Hoàn Tất,Tự động,U4XGZBTCQLUPPXA4,"""185178333456583989",,"3,79",GIFTCARD,2PGRSG7MDP,Tự động,,Hoàn Tất
8312578,1783343530237K6US-1,G1,Steam - Gift Card,Steam Wallet 10 USD Global,1,1000822726,"23,35","1,17","22,18",,2PGSWCSZ6C,1,,,2026-07-06 20:12:11,2026-07-06 20:43:33,Gift Card,Hoàn Tất,Tự động,252C0-08K3L-60IND,"""185178334540556640",,"10,23",GIFTCARD,2PGSWCSZ6C,Tự động,,Hoàn Tất
8317290,1783361363895OO3N-1,G1,Valorant,EU 1000 Valorant Points EU - 10 EUR,1,1003184850,"24,78","1,24","23,54",,2GGVGC1AY7,1,,,2026-07-07 01:09:25,2026-07-07 16:34:14,Gift Card,Hoàn Tất,Tự động,RA-4VT5Y5HVKZXJJT8E,"""211178341684566028",,"10,83",GIFTCARD,2GGVGC1AY7,Tự động,,Hoàn Tất
8317452,1783362135264Q1T6-1,G1,LOL - League of Legends,League of Legends - 10 EUR,1,1003757727,11,"0,55","10,45",,2GGLOLV56A,1,,,2026-07-07 01:22:16,2026-07-07 12:02:23,Gift Card,Hoàn Tất,Tự động,RA-BH8E3URYCH76XXM4,"""193178340053683796",,"9,42",GIFTCARD,2GGLOLV56A,Tự động,,Hoàn Tất
8322644,1783382548577LU5X-1,G1,Rewarble - Gift Card,Rewarble PayPal10 USD,1,1002965414,"12,4","0,62","11,78",,2PGRPG64S3,1,,anhnqv,2026-07-07 07:02:29,2026-07-07 17:01:20,Gift Card,Hoàn Tất,Tự động,3DZ8GTDTKY82WLQR,"""211178341847466029",,"10,85",GIFTCARD,2PGRPG64S3,Tự động,,Hoàn Tất
8322931,1783383822214PW5Z-1,G1,DANA Cash - Gift Card,"DANA Cash Gift Card Indonesia 100,000 IDR",1,1003316262,"8,09","0,4","7,69",,2PGDCG9JLN,1,,,2026-07-07 07:23:43,2026-07-07 10:34:20,Gift Card,Hoàn Tất,Tự động,https://wogi.gifts/redeem/ydNQm5UX2r6pp3SgH_TVNczcbPymXEeDdsx__FAtYX1fzzjhGPFPGCfG4As8X9u-/activate,"""193178339525131768",,"6,25",GIFTCARD,2PGDCG9JLN,Tự động,,Hoàn Tất
8324134,1783389039240CV8C-1,G1,Riot Points - Gift Card,Riot Points GC 20 Euro,1,1001772209,"22,3","1,11","21,19",,2GGRPGQTZG,1,,qtvlinhmp,2026-07-07 08:50:42,2026-07-07 12:57:37,Gift Card,Hoàn Tất,Tự động,RA-P3ZLQGY5HTBTXZV5,"""193178340385390320",,"19,24",GIFTCARD,2GGRPGQTZG,Tự động,,Hoàn Tất
8325998,1783396365782WDCO-1,G1,Steam - Gift Card,US Steam Wallet 50 USD,1,1003481267,58,"2,89","55,11",,2PGSWCJ4G9,1,,qtvlinhmp,2026-07-07 10:52:46,2026-07-07 11:21:35,Gift Card,Hoàn Tất,Tự động,578DI-540WW-H2E6H,"""193178339809026346",,"49,91",GIFTCARD,2PGSWCJ4G9,Tự động,,Hoàn Tất
8330342,1783412781480B96P-1,G1,DANA Cash - Gift Card,"DANA Cash Gift Card Indonesia 100,000 IDR",1,1003316262,"8,09","0,4","7,69",,2PGDCG9JLN,1,,,2026-07-07 15:26:22,2026-07-07 15:45:53,Gift Card,Hoàn Tất,Tự động,https://wogi.gifts/redeem/WXSYd6bvFPVzVQ-RimsFW9nAhQLQ6nNQK5M887s6UNaz9FseumSxfesQRzKaENu4/activate,"""193178341394525371",,"6,25",GIFTCARD,2PGDCG9JLN,Tự động,,Hoàn Tất
8334897,1783429810082CZI1-1,G1,Valorant,EU 1000 Valorant Points EU - 10 EUR,1,1003997321,"23,9","1,19","22,71",,2GGVGC1AY7,1,,,2026-07-07 20:10:11,2026-07-07 21:32:06,Gift Card,Hoàn Tất,Tự động,RA-Z2XABJE7GHUEAYPB,"""211178343472243000",,"10,83",GIFTCARD,2GGVGC1AY7,Tự động,,Hoàn Tất
8337722,1783439800066XE86-1,G1,Steam - Gift Card,Steam Wallet 10 USD Global,1,1004155535,"23,35","1,17","22,18",,2PGSWCSZ6C,1,,anhnqv,2026-07-07 22:56:42,2026-07-07 23:14:06,Gift Card,Hoàn Tất,Tự động,8RD28-KE35F-QX3AC,"""211178344084165449",,"10,23",GIFTCARD,2PGSWCSZ6C,Tự động,,Hoàn Tất
8337765,1783440000647B8B5-1,G1,Valorant,EU 2575 Valorant Points EU - 25 EUR,1,1003043837,"29,95","1,49","28,46",,2GGVGCNWWM,1,,anhnqv,2026-07-07 23:00:01,2026-07-07 23:13:16,Gift Card,Hoàn Tất,Tự động,RA-CTR2Q8M93C8VE7HK,"""211178344079047757",,"26,63",GIFTCARD,2GGVGCNWWM,Tự động,,Hoàn Tất
8337793,1783440013931KR99-1,G1,Rewarble - Gift Card,Rewarble Super 5 EUR,1,1002518950,"7,99","0,4","7,59",,2PGRSGXOE3,1,,,2026-07-07 23:00:14,2026-07-07 23:08:10,Gift Card,Hoàn Tất,Tự động,63QKGIZPD4CZ1RLS,"""211178344048595518",,"6,15",GIFTCARD,2PGRSGXOE3,Tự động,,Hoàn Tất
8338182,1783441480529PU6P-1,G1,Steam - Gift Card,Ukraine Steam Wallet 100 UAH,1,1004156248,"3,5","0,17","3,33",,2PGSWCYLI7,1,,anhnqv,2026-07-07 23:24:41,2026-07-07 23:33:47,Gift Card,Hoàn Tất,Tự động,27Z22-G02NY-8KFT4,"""211178344201945065",,"2,42",GIFTCARD,2PGSWCYLI7,Tự động,,Hoàn Tất
8338281,1783441843882FZJ5-1,G1,FC 26,"EA Sports FC 26 5,900 FC Points - Key",1,1000443351,"54,9","2,74","52,16",,2PGPEAM2H0,1,,qtvanhltv,2026-07-07 23:30:44,2026-07-08 14:28:28,Gift Card,Hoàn Tất,Tự động,44ZRRHDS8PEYQ63YP597,"""185178349570255068",,"41,21",GIFTCARD,2PGPEAM2H0,Tự động,,Hoàn Tất
8338518,1783442808697KUXJ-1,G1,Steam - Gift Card,Steam Wallet 10 USD Global,1,1004155535,"23,35","1,17","22,18",,2PGSWCSZ6C,1,,anhnqv,2026-07-07 23:46:52,2026-07-08 00:03:09,Gift Card,Hoàn Tất,Tự động,YBDQJ-0RDR7-WFLPW,"""211178344378235261",,"10,23",GIFTCARD,2PGSWCSZ6C,Tự động,,Hoàn Tất
8338897,1783444067285K0E3-1,G1,Mastercard,Mastercard Gift Card USA - 25 USD,1,1003936619,31,"1,55","29,45",,2PGMGCVN6Q,1,,qtvlinhmp,2026-07-08 00:07:48,2026-07-08 09:02:15,Gift Card,Hoàn Tất,Tự động,https://redeem.yourdigitalreward.com/activate-code/2492a4ff66e88f460381299475cb1e7e017fb129,"""193178347612634095",,"26,03",GIFTCARD,2PGMGCVN6Q,Tự động,,Hoàn Tất
8338906,1783444103895Y1IF-1,G1,Valorant,EU 2575 Valorant Points EU - 25 EUR,1,1000709928,"29,95","1,49","28,46",,2GGVGCNWWM,1,,,2026-07-08 00:08:25,2026-07-08 08:31:52,Gift Card,Hoàn Tất,Tự động,RA-HWPFVSYA96S53PXC,"""193178347430449520",,"26,63",GIFTCARD,2GGVGCNWWM,Tự động,,Hoàn Tất
8341779,1783454465472MWAV-1,G1,ExitLag,ExitLag Tier 2  - 3 Months,1,1003853786,"20,5","1,02","19,48",,2PGELGT1B4,1,,,2026-07-08 03:01:06,2026-07-08 11:45:52,Gift Card,Hoàn Tất,Tự động,exlTI2-uP86xBHnYTJN,"""193178348594615182",,"18,23",GIFTCARD,2PGELGT1B4,Tự động,,Hoàn Tất
8342950,1783460600171JW3T-1,G1,Amazon - Gift Card,Amazon Gift Card USD 5 (US),1,1001635972,"5,87","0,29","5,58",,2PGAGCJ7IP,1,,,2026-07-08 04:43:21,2026-07-08 09:59:05,Gift Card,Hoàn Tất,Tự động,P7VS-8UBZ3B-C5AZ,"""193178347954179303",,"5,17",GIFTCARD,2PGAGCJ7IP,Tự động,,Hoàn Tất
8343010,1783460933088R98Y-1,G1,Amazon - Gift Card,Amazon Gift Card USD 5 (US),1,1001635972,"5,87","0,29","5,58",,2PGAGCJ7IP,1,,qtvlinhmp,2026-07-08 04:48:55,2026-07-08 09:04:30,Gift Card,Hoàn Tất,Tự động,EZQJ-REZF2Q-KDAV,"""193178347626511515",,"5,17",GIFTCARD,2PGAGCJ7IP,Tự động,,Hoàn Tất
8343174,1783461679088LXP2-1,G1,Steam - Gift Card,Ukraine Steam Wallet 100 UAH,1,1003511421,"3,5","0,17","3,33",,2PGSWCYLI7,1,,qtvlinhmp,2026-07-08 05:01:19,2026-07-08 10:26:13,Gift Card,Hoàn Tất,Tự động,5ZCX8-PMGG8-8CV65,"""193178348116577035",,"2,42",GIFTCARD,2PGSWCYLI7,Tự động,,Hoàn Tất
8345534,1783473919025ZM2M-1,G1,Rewarble - Gift Card,Rewarble Super Gift Card USA - 20 USD,1,1004075684,25,"1,25","23,75",,2PGRSGZ41C,1,,,2026-07-08 08:25:20,2026-07-08 12:06:40,Gift Card,Hoàn Tất,Tự động,EL7GT21B9H6WW2CJ,"""193178348719370155",,"21,53",GIFTCARD,2PGRSGZ41C,Tự động,,Hoàn Tất
8345599,1783474269738ZAQ9-1,G1,LOL - League of Legends,League of Legends - 20 EUR,1,8024797,"22,1","1,1",21,,2GGLOLDKOI,1,,,2026-07-08 08:31:10,2026-07-08 10:11:31,Gift Card,Hoàn Tất,Tự động,RA-SVQSHVKZ44WZYP6K,"""193178348027627832",,"19,24",GIFTCARD,2GGLOLDKOI,Tự động,,Hoàn Tất
8354324,1783487382953LACZ-1,G1,Amazon - Gift Card,Amazon Gift Card USD 10 (US),1,1001049214,"11,72","0,58","11,14",,2PGAGCU5SG,1,,,2026-07-08 12:09:43,2026-07-08 13:27:42,Gift Card,Hoàn Tất,Tự động,HYVQAX2XSSFBAS,"""203178349204650440",,"8,91",GIFTCARD,2PGAGCU5SG,Tự động,,Hoàn Tất
8356627,1783496831066XEVF-1,G1,Valorant,NA 2050 Valorant Points NA -20 USD Card,1,1002197865,"21,9","1,09","20,81",,2GGVGCJ4DA,1,,,2026-07-08 14:47:12,2026-07-08 15:52:11,Gift Card,Hoàn Tất,Tự động,RA-GY7SZG4TGLCP46BR,"""203178350072088464",,"18,43",GIFTCARD,2GGVGCJ4DA,Tự động,,Hoàn Tất
8357712,1783502236571T1YI-1,G1,Rewarble - Gift Card,Rewarble PayPal10 USD,1,1003702701,"12,4","0,62","11,78",,2PGRPG64S3,1,,qtvlinhmp,2026-07-08 16:17:20,2026-07-08 19:22:32,Gift Card,Hoàn Tất,Tự động,PN96I23U1UYNQA4A,"""193178351334833195",,"10,85",GIFTCARD,2PGRPG64S3,Tự động,,Hoàn Tất
8363428,1783523161207B17I-1,G1,Valorant,EU 3650 Valorant Points EU - 35 EUR,1,1001981220,"43,69","2,18","41,51",,2GGVGC7976,1,,qtvlinhmp,2026-07-08 22:06:02,2026-07-09 15:17:58,Gift Card,Hoàn Tất,Tự động,RA-C9WLVF8LXRMLSWYV--RA-JAJHQRDELG9NA7UC-RA-GJZ48JRY8YVAE2NY--RA-NUY24ZH9F68CUWPG--RA-HS4VUALWGCZRELHG--RA-K5PUUE9T4NQENQDE--RA-NG3MRMLRTFJ2DFSE--RA-PQ8RTGRYFWZYLV9B,"""193178358507195086",,"32,46",GIFTCARD,2GGVGC7976,Tự động,,Hoàn Tất
8364494,1783527357395WSY8-1,G1,Valorant,EU 2575 Valorant Points EU - 25 EUR,1,1004160307,"29,95","1,49","28,46",,2GGVGCNWWM,1,,,2026-07-08 23:15:58,2026-07-08 23:24:52,Gift Card,Hoàn Tất,Tự động,RA-T4QYJHL6S8GGLAF4,"""211178352788254733",,"26,63",GIFTCARD,2GGVGCNWWM,Tự động,,Hoàn Tất
8368060,1783540287313Q2Y1-1,G1,Valorant,EU 11000 Valorant Points EU - 100 EUR,1,1003206689,123,"6,14","116,86",,2GGVGC7A9Y,1,,qtvlinhmp,2026-07-09 02:51:28,2026-07-09 16:55:46,Gift Card,Hoàn Tất,Tự động,RA-A5K97WRR7HPP454U,"""193178359093744528",,"107,97",GIFTCARD,2GGVGC7A9Y,Tự động,,Hoàn Tất
8369278,1783545126437PA4S-1,G1,Steam - Gift Card,US Steam Wallet 10 USD,1,1000457246,"23,35","1,17","22,18",,2PGSWCG3DO,1,,,2026-07-09 04:12:07,2026-07-09 19:53:08,Gift Card,Hoàn Tất,Tự động,VJZYE-264EE-QQBNH,"""203178360158592676",,"10,01",GIFTCARD,2PGSWCG3DO,Tự động,,Hoàn Tất
8370792,1783551540959XOQE-1,G1,Amazon - Gift Card,Amazon Gift Card 10 GBP United Kingdom,1,1002515990,16,"0,8","15,2",,2PGAGC95EA,1,,,2026-07-09 05:59:02,2026-07-09 11:04:02,Gift Card,Hoàn Tất,Tự động,JDGX-C9PCWG-PZBM,"""193178356983531939",,"13,98",GIFTCARD,2PGAGC95EA,Tự động,,Hoàn Tất
8371326,1783553681219JHBV-1,G1,Valorant,EU 2050 Valorant Points EU - 20 EUR,1,1003499824,"25,9","1,29","24,61",,2GGVGC9OVX,1,,,2026-07-09 06:34:42,2026-07-09 20:06:39,Gift Card,Hoàn Tất,Tự động,RA-HS3Q7HNHALVBQCDK,"""203178360239542757",,"21,26",GIFTCARD,2GGVGC9OVX,Tự động,,Hoàn Tất
8371752,1783555518780C1G4-1,G1,Steam - Gift Card,US Steam Wallet 50 USD,1,8347183,58,"2,89","55,11",,2PGSWCJ4G9,1,,qtvlinhmp,2026-07-09 07:05:19,2026-07-09 15:13:19,Gift Card,Hoàn Tất,Tự động,HNCTA-T475T-IIR48--CID4F-GDEPE-475T2--YB3N8-RGWXF-TAC7Z,"""193178358479074863",,"50,12",GIFTCARD,2PGSWCJ4G9,Tự động,,Hoàn Tất
8381280,1783561180079FB4L-1,G1,Amazon - Gift Card,Amazon Gift Card USD 5 (US),1,1003845942,"5,95","0,3","5,65",,2PGAGCJ7IP,1,,qtvlinhmp,2026-07-09 08:39:41,2026-07-09 11:13:06,Gift Card,Hoàn Tất,Tự động,A95VHV5XXWPRAC,"""193178357037755067",,"4,37",GIFTCARD,2PGAGCJ7IP,Tự động,,Hoàn Tất
8382262,1783565365765UP0L-1,G1,Valorant,NA 8700 Valorant Points NA - 80 USD Card,1,1003351975,"82,9","4,14","78,76",,2GGVGC33MT,1,,,2026-07-09 09:49:26,2026-07-09 10:55:21,Gift Card,Hoàn Tất,Tự động,RA-4RB32SGTBV7Y4BYP,"""193178356931371479",,73,GIFTCARD,2GGVGC33MT,Tự động,,Hoàn Tất
8386437,1783582688918DQLS-1,G1,Steam - Gift Card,US Steam Wallet 10 USD,1,1003730913,"23,35","1,17","22,18",,2PGSWCG3DO,1,,,2026-07-09 14:38:18,2026-07-09 19:28:52,Gift Card,Hoàn Tất,Tự động,60HQ8-M4X9F-C987Q,"""203178360012735824",,"10,23",GIFTCARD,2PGSWCG3DO,Tự động,,Hoàn Tất
8386474,1783582821929OHU3-1,G1,Nintendo - Gift Card,Japan Nintendo eShop Gift Card 1000 Yen,1,1000839956,"8,1","0,4","7,7",,2PGNGC3MKP,1,,,2026-07-09 14:40:23,2026-07-09 17:03:51,Gift Card,Hoàn Tất,Tự động,E0M8CS4580VXFKQV,"""203178359142770616",,"7,34",GIFTCARD,2PGNGC3MKP,Tự động,,Hoàn Tất
8386859,1783584249190CIUF-1,G1,Rewarble - Gift Card,Rewarble Super 40 EUR,1,1001374745,57,"2,84","54,16",,2PGRSGO7IG,1,,anhnqv,2026-07-09 15:04:10,2026-07-09 21:53:04,Gift Card,Hoàn Tất,Tự động,1ITEHV5BLHLFQN6T,"""211178360877713031",,"48,9",GIFTCARD,2PGRSGO7IG,Tự động,,Hoàn Tất
8386918,1783584444348RPW2-1,G1,Rewarble - Gift Card,Rewarble Super Gift Card USD 40 (Global),1,1001374745,"49,7","2,48","47,22",,2PGRSGRJOO,1,,anhnqv,2026-07-09 15:07:26,2026-07-10 00:04:40,Gift Card,Hoàn Tất,Tự động,H8IVLW5UIDX2C1X7,"""211178361667459512",,"42,97",GIFTCARD,2PGRSGRJOO,Tự động,,Hoàn Tất
8388760,1783591762956UKRY-1,G1,Rewarble - Gift Card,Rewarble PayPal EU - 200 EUR,2,1003658328,578,"28,84","549,16",,2PGRPGEQSN,1,,,2026-07-09 17:09:24,2026-07-09 18:23:44,Gift Card,Hoàn Tất,Tự động,A18ISRJP2X9Y8TBY,"""203178359621645972",,"244,26",GIFTCARD,2PGRPGEQSN,Tự động,,Hoàn Tất
8388760,1783591762956UKRY-1,G1,Rewarble - Gift Card,Rewarble PayPal EU - 200 EUR,2,1003658328,0,0,0,,2PGRPGEQSN,1,,,2026-07-09 17:09:24,2026-07-09 18:23:44,Gift Card,Hoàn Tất,Tự động,ZEJ8AB5DFMG6X2R6,"""203178359621670450",,"244,26",GIFTCARD,2PGRPGEQSN,Tự động,,Đã up code
8388892,1783592220522FPY6-1,G1,Rewarble - Gift Card,Rewarble Super Gift Card USA - 10 USD,1,1003658328,"12,9","0,64","12,26",,2PGRSG2ZEF,1,,,2026-07-09 17:17:06,2026-07-09 20:49:13,Gift Card,Hoàn Tất,Tự động,5GR215ZXK7W5AHFV,"""211178360494511137",,"10,77",GIFTCARD,2PGRSG2ZEF,Tự động,,Hoàn Tất
8389540,1783594652789P9R7-1,G1,LOL - League of Legends,League of Legends - 10 EUR,1,1000171714,11,"0,55","10,45",,2GGLOLV56A,1,,,2026-07-09 17:57:34,2026-07-09 19:44:35,Gift Card,Hoàn Tất,Tự động,RA-HXZXEX6RZG2LKSX2,"""203178360106792447",,"9,42",GIFTCARD,2GGLOLV56A,Tự động,,Hoàn Tất
8391635,1783602452368L9EQ-1,G1,Nintendo - Gift Card,Japan Nintendo eShop Gift Card 500 Yen,1,1002765407,"4,2","0,21","3,99",,2PGNGCHC08,1,,qtvlinhmp,2026-07-09 20:07:33,2026-07-10 20:31:48,Gift Card,Hoàn Tất,Tự động,E1GC70JPJKMWCHX6,"""193178369030485169",,"3,64",GIFTCARD,2PGNGCHC08,Tự động,,Hoàn Tất
8391907,1783603588801HPAZ-1,G1,Amazon - Gift Card,Amazon Gift Card USD 10 (US),1,1003440044,"32,75","1,63","31,12",,2PGAGCU5SG,1,,anhnqv,2026-07-09 20:26:30,2026-07-09 20:40:12,Gift Card,Hoàn Tất,Tự động,CLB72JE5DZBJAS,"""211178360440734462",,"8,91",GIFTCARD,2PGAGCU5SG,Tự động,,Hoàn Tất
8393632,1783609785493GVDC-1,G1,Steam - Gift Card,Steam Wallet 10 USD Global,1,7292903,"23,35","1,17","22,18",,2PGSWCSZ6C,1,,anhnqv,2026-07-09 22:09:46,2026-07-09 22:35:03,Gift Card,Hoàn Tất,Tự động,X086B-507MV-66G2D,"""211178361129989740",,"10,23",GIFTCARD,2PGSWCSZ6C,Tự động,,Hoàn Tất
8398854,1783631348018BR8Z-1,G1,Steam - Gift Card,Steam Wallet 100 USD Global,1,6326374,"125,39","6,26","119,13",,2PGSWCK0TT,1,,anhnqv,2026-07-10 04:09:08,2026-07-10 09:34:38,Gift Card,Hoàn Tất,Tự động,-6Z3NW-EZ7NK-6JDDV--4NCO5-YIACQ-VDW9E--P2RP4-4JZQK-V67N6--C0PID-NC8LT-3FMRX--FGNJQ-XXY2B-HJ4VH--GT7Y4-FE28B-BGTY7,"""211178365087086502",,"100,03",GIFTCARD,2PGSWCK0TT,Tự động,,Hoàn Tất
8399805,1783635735614H6ED-1,G1,Valorant,EU 2575 Valorant Points EU - 25 EUR,1,8124950,"29,95","1,49","28,46",,2GGVGCNWWM,1,,,2026-07-10 05:22:16,2026-07-10 09:54:00,Gift Card,Hoàn Tất,Tự động,RA-GZA6QTNLPGZ93C7M,"""211178365202989346",,"26,63",GIFTCARD,2GGVGCNWWM,Tự động,,Hoàn Tất
8401535,1783642405736SX1G-1,G1,Amazon - Gift Card,Amazon Gift Card USD 20 (US),1,1000424408,"21,59","1,08","20,51",,2PGAGCQQNO,1,,,2026-07-10 07:13:26,2026-07-10 09:37:15,Gift Card,Hoàn Tất,Tự động,VQ58-3Q2E2V-25AS,"""211178365103241567",,"19,24",GIFTCARD,2PGAGCQQNO,Tự động,,Hoàn Tất
8401896,1783644069694W277-1,G1,Amazon - Gift Card,Amazon Gift Card USD 100 (US),1,1002055785,"109,5","5,46","104,04",,2PGAGCOLJT,1,,,2026-07-10 07:41:10,2026-07-10 09:35:02,Gift Card,Hoàn Tất,Tự động,FYPR-CNJ2T6-Z3A2,"""211178365089888480",,"96,18",GIFTCARD,2PGAGCOLJT,Tự động,,Hoàn Tất
8411940,1783673008755XH7T-1,G1,Steam - Gift Card,Steam Wallet 10 USD Global,1,1003730913,"23,35","1,17","22,18",,2PGSWCSZ6C,1,,,2026-07-10 15:43:33,2026-07-10 15:50:21,Gift Card,Hoàn Tất,Tự động,TPVX2-9EL88-02EJ7,"""211178367341136162",,"10,23",GIFTCARD,2PGSWCSZ6C,Tự động,,Hoàn Tất
8412330,1783675342822WFVP-1,G1,Valorant,EU 2575 Valorant Points EU - 25 EUR,1,1000113646,"29,95","1,49","28,46",,2GGVGCNWWM,1,,qtvanhltv,2026-07-10 16:22:24,2026-07-10 17:25:31,Gift Card,Hoàn Tất,Tự động,RA-DB9YU4MKM926GLAE,"""185178367912433620",,"26,04",GIFTCARD,2GGVGCNWWM,Tự động,,Hoàn Tất
8413732,1783684527845OPFE-1,G1,Amazon - Gift Card,Amazon Gift Card USD 25 (US),1,1004100051,"27,26","1,36","25,9",,2PGAGCTHQA,1,,,2026-07-10 18:55:29,2026-07-10 20:58:41,Gift Card,Hoàn Tất,Tự động,3CP2-KVXTWF-RQA8,"""193178369191788813",,"23,8",GIFTCARD,2PGAGCTHQA,Tự động,,Hoàn Tất
8420618,1783695547966JFYH-1,G1,Rewarble - Gift Card,Rewarble Mastercard 30 USD,1,1003655393,38,"1,9","36,1",,2PGRMGENRV,1,,qtvtrangdt1,2026-07-10 21:59:08,2026-07-11 09:28:50,Gift Card,Hoàn Tất,Tự động,HSC2D9Q6W6MSBI3V,"""203178373692214066",,32,GIFTCARD,2PGRMGENRV,Tự động,,Hoàn Tất
8422627,1783697899532MSQ7-1,G1,PSN - Gift card,Brazil Playstation Network (PSN) 35 BRL,2,1003254098,"14,14","0,71","13,43",,2PGPNGG8B3,1,,qtvlinhmp,2026-07-10 22:38:20,2026-07-10 23:33:23,Gift Card,Hoàn Tất,Tự động,7E9T-86FG-X4PT,"""193178370119589149",,"6,04",GIFTCARD,2PGPNGG8B3,Tự động,,Hoàn Tất
8422627,1783697899532MSQ7-1,G1,PSN - Gift card,Brazil Playstation Network (PSN) 35 BRL,2,1003254098,0,0,0,,2PGPNGG8B3,1,,qtvlinhmp,2026-07-10 22:38:20,2026-07-10 23:33:23,Gift Card,Hoàn Tất,Tự động,KJ73-L8P6-GBXL,"""193178370119530640",,"6,04",GIFTCARD,2PGPNGG8B3,Tự động,,Đã up code
8422807,1783699177039B55L-1,G1,Valorant,EU 3650 Valorant Points EU - 35 EUR,1,1001802803,"43,69","2,18","41,51",,2GGVGC7976,1,,,2026-07-10 22:59:38,2026-07-11 00:03:40,Gift Card,Hoàn Tất,Tự động,RA-BQFTEC8SZETHVL27,"""193178370301627725",,"37,93",GIFTCARD,2GGVGC7976,Tự động,,Hoàn Tất
8424801,1783701427687EMPL-1,G1,Steam - Gift Card,US Steam Wallet 20 USD,1,1001114372,"23,35","1,17","22,18",,2PGSWCGJLA,1,,qtvtrangdt1,2026-07-10 23:37:08,2026-07-11 09:20:49,Gift Card,Hoàn Tất,Tự động,PT9VW-7MIG4-3482B,"""203178373644345875",,"20,07",GIFTCARD,2PGSWCGJLA,Tự động,,Hoàn Tất
8429606,1783707408273HKLL-1,G1,Valorant,EU 3650 Valorant Points EU - 35 EUR,1,1002071026,"43,69","2,18","41,51",,2GGVGC7976,1,,,2026-07-11 01:16:49,2026-07-11 11:47:37,Gift Card,Hoàn Tất,Tự động,RA-K5LEW27JVJSYA96P,"""203178374525029145",,"37,86",GIFTCARD,2GGVGC7976,Tự động,,Hoàn Tất
8430036,1783710316551EFTV-1,G1,Rewarble - Gift Card,Rewarble Super 40 CAD,1,1003926780,39,"1,95","37,05",,2PGRSGEOTN,1,,,2026-07-11 02:05:17,2026-07-14 22:02:52,Gift Card,Hoàn Tất,Tự động,TEUM3XNK6PFYQKSR,"""211178404136257036",,"30,42",GIFTCARD,2PGRSGEOTN,Tự động,,Hoàn Tất
8431221,1783718961346K48L-1,G1,Rewarble - Gift Card,Rewarble Mastercard 30 USD,1,1003655393,38,"1,9","36,1",,2PGRMGENRV,1,,qtvtrangdt1,2026-07-11 04:29:22,2026-07-11 09:18:33,Gift Card,Hoàn Tất,Tự động,7NZ7U48KV3FN3PTR,"""203178373630739842",,32,GIFTCARD,2PGRMGENRV,Tự động,,Hoàn Tất
8432179,1783725669119D91P-1,G1,PSN - Gift card,PSN Gift Card 40 EUR - Germany,1,1004169646,"47,1","2,35","44,75",,2PGPNGEACY,1,,,2026-07-11 06:21:10,2026-07-11 09:40:42,Gift Card,Hoàn Tất,Tự động,MA8N-7QXD-L4R7,"""203178373763461436",,"38,4",GIFTCARD,2PGPNGEACY,Tự động,,Hoàn Tất
8432352,1783727018997W2MG-1,G1,Rewarble - Gift Card,Rewarble Super 40 CAD,1,1003696452,39,"1,95","37,05",,2PGRSGEOTN,1,,,2026-07-11 06:43:40,2026-07-12 17:37:47,Gift Card,Hoàn Tất,Tự động,RSRE86LX88IFJ822,"""211178385266111710",,"30,21",GIFTCARD,2PGRSGEOTN,Tự động,,Hoàn Tất
8439286,1783739837838ZVJA-1,G1,Valorant,NA 8700 Valorant Points NA - 80 USD Card,1,1002435532,"82,9","4,14","78,76",,2GGVGC33MT,1,,qtvtrangdt1,2026-07-11 10:17:18,2026-07-11 10:41:34,Gift Card,Hoàn Tất,Tự động,RA-9YRMMYRKCP6FEH2D,"""203178374128431232",,73,GIFTCARD,2GGVGC33MT,Tự động,,Hoàn Tất
8440197,1783746366546IVPG-1,G1,Rewarble - Gift Card,Rewarble Super Gift Card USA - 20 USD,1,1003153270,25,"1,25","23,75",,2PGRSGZ41C,1,,,2026-07-11 12:06:09,2026-07-11 17:52:13,Gift Card,Hoàn Tất,Tự động,L85U65KNSVTU8K4F,"""203178376712813096",,"21,49",GIFTCARD,2PGRSGZ41C,Tự động,,Hoàn Tất
8440937,1783751305498OB6U-1,G1,Steam - Gift Card,Ukraine Steam Wallet 1000 UAH,2,1000077938,55,"2,74","52,26",,2PGSWCHRKD,1,,qtvlinhmp,2026-07-11 13:28:26,2026-07-11 14:32:02,Gift Card,Hoàn Tất,Tự động,Q4QVL-R2JXZ-5YQWQ,"""193178375511781175",,"24,2",GIFTCARD,2PGSWCHRKD,Tự động,,Hoàn Tất
8440937,1783751305498OB6U-1,G1,Steam - Gift Card,Ukraine Steam Wallet 1000 UAH,2,1000077938,0,0,0,,2PGSWCHRKD,1,,qtvlinhmp,2026-07-11 13:28:26,2026-07-11 14:32:02,Gift Card,Hoàn Tất,Tự động,HCF62-X8CJC-WKGIZ,"""193178375511721937",,"24,2",GIFTCARD,2PGSWCHRKD,Tự động,,Đã up code
8441467,1783754590245Y277-1,G1,Rewarble - Gift Card,Rewarble PayPal - 20 GBP,5,1002590164,165,"8,23","156,77",,2PGRPG6515,1,,,2026-07-11 14:23:11,2026-07-11 14:45:23,Gift Card,Hoàn Tất,Tự động,TBPUS6YWGK1YNG6U,"""193178375591243039",,"28,79",GIFTCARD,2PGRPG6515,Tự động,,Hoàn Tất
8441467,1783754590245Y277-1,G1,Rewarble - Gift Card,Rewarble PayPal - 20 GBP,5,1002590164,0,0,0,,2PGRPG6515,1,,,2026-07-11 14:23:11,2026-07-11 14:45:23,Gift Card,Hoàn Tất,Tự động,C5MJUW2K9DVD7HU1,"""193178375591220731",,"28,79",GIFTCARD,2PGRPG6515,Tự động,,Đã up code
8441467,1783754590245Y277-1,G1,Rewarble - Gift Card,Rewarble PayPal - 20 GBP,5,1002590164,0,0,0,,2PGRPG6515,1,,,2026-07-11 14:23:11,2026-07-11 14:45:23,Gift Card,Hoàn Tất,Tự động,7GERHQB5MDB52D9D,"""193178375591286453",,"28,79",GIFTCARD,2PGRPG6515,Tự động,,Đã up code
8441467,1783754590245Y277-1,G1,Rewarble - Gift Card,Rewarble PayPal - 20 GBP,5,1002590164,0,0,0,,2PGRPG6515,1,,,2026-07-11 14:23:11,2026-07-11 14:45:23,Gift Card,Hoàn Tất,Tự động,1N6W3ARN9UDS65ST,"""193178375591212580",,"28,79",GIFTCARD,2PGRPG6515,Tự động,,Đã up code
8441467,1783754590245Y277-1,G1,Rewarble - Gift Card,Rewarble PayPal - 20 GBP,5,1002590164,0,0,0,,2PGRPG6515,1,,,2026-07-11 14:23:11,2026-07-11 14:45:23,Gift Card,Hoàn Tất,Tự động,7FLUT6S2HZ4CQTKV,"""193178375591235986",,"28,79",GIFTCARD,2PGRPG6515,Tự động,,Đã up code
8442611,1783762182393E6P6-1,G1,Riot Points - Gift Card,Riot Points GC 50 Euro,1,1003964698,54,"2,69","51,31",,2GGRPGNVA4,1,,qtvtrangdt1,2026-07-11 16:29:43,2026-07-11 16:40:00,Gift Card,Hoàn Tất,Tự động,RA-URZFX5LBF2JD2SK7,"""203178376278926152",,"47,59",GIFTCARD,2GGRPGNVA4,Tự động,,Hoàn Tất
8442872,1783763931865VM2I-1,G1,Nintendo - Gift Card,Japan Nintendo eShop Gift Card 500 Yen,1,1000839956,"4,2","0,21","3,99",,2PGNGCHC08,1,,,2026-07-11 16:58:52,2026-07-11 17:07:15,Gift Card,Hoàn Tất,Tự động,E1GX1KB3BKQKXDDP,"""203178376442799876",,"3,64",GIFTCARD,2PGNGCHC08,Tự động,,Hoàn Tất
8449064,1783771165832AP7C-1,G1,Amazon - Gift Card,Amazon Gift Card USD 10 (US),1,1004147607,"11,72","0,58","11,14",,2PGAGCU5SG,1,,,2026-07-11 18:59:26,2026-07-11 19:23:06,Gift Card,Hoàn Tất,Tự động,JC4AWBJBZ5DTA7,"""203178377258288333",,"8,91",GIFTCARD,2PGAGCU5SG,Tự động,,Hoàn Tất
8449830,1783776089185S7KX-1,G1,Rewarble - Gift Card,Rewarble PayPal10 USD,1,1001847759,"12,4","0,62","11,78",,2PGRPG64S3,1,,,2026-07-11 20:21:30,2026-07-11 20:36:55,Gift Card,Hoàn Tất,Tự động,7UEGK2AN6FBIGWZQ,"""211178377700553977",,"10,85",GIFTCARD,2PGRPG64S3,Tự động,,Hoàn Tất
8451679,1783788346683VCNJ-1,G1,Steam - Gift Card,Indonesia Steam Wallet 120000 IDR (Indonesia),1,1003334950,"7,65","0,38","7,27",,2PGSWCDIQ3,1,,qtvtrangdt1,2026-07-11 23:45:47,2026-07-12 09:53:15,Gift Card,Hoàn Tất,Tự động,ALKTA-H3WFL-X38ME,"""203178382478798979",,"6,63",GIFTCARD,2PGSWCDIQ3,Tự động,,Hoàn Tất
8454458,1783795141962GBPF-1,G1,Rewarble - Gift Card,Rewarble PayPal - 15 USD,1,1000906428,"18,5","0,92","17,58",,2PGRPGZ3RL,1,,qtvtrangdt1,2026-07-12 01:39:02,2026-07-12 08:53:49,Gift Card,Hoàn Tất,Tự động,CL5HL62EH3QGMLCS,"""203178382122055892",,"16,11",GIFTCARD,2PGRPGZ3RL,Tự động,,Hoàn Tất
8455575,1783803052010C6ZP-1,G1,Riot Points - Gift Card,Riot Points GC 10 Euro,2,1003026491,"21,5","1,07","20,43",,2GGRPGGMK6,1,,,2026-07-12 03:50:52,2026-07-12 08:38:25,Gift Card,Hoàn Tất,Tự động,RA-VRVVFB2V5MJHPMSR,"""203178382029828929",,"9,42",GIFTCARD,2GGRPGGMK6,Tự động,,Hoàn Tất
8455575,1783803052010C6ZP-1,G1,Riot Points - Gift Card,Riot Points GC 10 Euro,2,1003026491,0,0,0,,2GGRPGGMK6,1,,,2026-07-12 03:50:52,2026-07-12 08:38:25,Gift Card,Hoàn Tất,Tự động,RA-QB6L7WPH4Q43R8PF,"""203178382029864007",,"9,42",GIFTCARD,2GGRPGGMK6,Tự động,,Đã up code
8456802,1783812840281V1CC-1,G1,Rewarble - Gift Card,Rewarble PayPal - 40 USD,1,8137555,"49,7","2,48","47,22",,2PGRPG2NLZ,1,,qtvtrangdt1,2026-07-12 06:34:01,2026-07-12 11:25:15,Gift Card,Hoàn Tất,Tự động,LUV42Z1VDWTHH4S4,"""203178383030734043",,"42,97",GIFTCARD,2PGRPG2NLZ,Tự động,,Hoàn Tất
8457281,1783816494607ZFLR-1,G1,Steam - Gift Card,US Steam Wallet 25 USD,1,1001698708,30,"1,5","28,5",,2PGSWCEHGO,1,,,2026-07-12 07:34:55,2026-07-12 10:07:03,Gift Card,Hoàn Tất,Tự động,7DVVN-W70VK-JJD0D--K6TGQ-D4K8B-ML0PX,"""203178382561872051",,"25,3",GIFTCARD,2PGSWCEHGO,Tự động,,Hoàn Tất
8457308,1783816701761AJB8-1,G1,Valorant,EU 2575 Valorant Points EU - 25 EUR,1,1002902527,"29,95","1,49","28,46",,2GGVGCNWWM,1,,,2026-07-12 07:38:22,2026-07-12 08:22:42,Gift Card,Hoàn Tất,Tự động,RA-MVCQDEMP8T4UMCKL,"""203178381935773604",,"26,63",GIFTCARD,2GGVGCNWWM,Tự động,,Hoàn Tất
8457534,1783818495475DMJZ-1,G1,Valorant,EU 3650 Valorant Points EU - 35 EUR,1,1004100828,"43,69","2,18","41,51",,2GGVGC7976,1,,qtvtrangdt1,2026-07-12 08:08:16,2026-07-12 08:16:39,Gift Card,Hoàn Tất,Tự động,RA-E4YDMQJ9DTPREGVR,"""203178381899124838",,"37,86",GIFTCARD,2GGVGC7976,Tự động,,Hoàn Tất
8467593,1783841619289JDMS-1,G1,Amazon - Gift Card,Amazon Gift Card USD 10 (US),1,1002576319,"11,72","0,58","11,14",,2PGAGCU5SG,1,,,2026-07-12 14:33:40,2026-07-12 16:04:47,Gift Card,Hoàn Tất,Tự động,4CRBKAQ2ZEMFAY,"""211178384707977525",,"8,91",GIFTCARD,2PGAGCU5SG,Tự động,,Hoàn Tất
8471881,1783870158583THY8-1,G1,Rewarble - Gift Card,Rewarble Mastercard 20 USD,1,1003655393,38,"1,9","36,1",,2PGRMGD02B,1,,,2026-07-12 22:29:19,2026-07-13 11:33:22,Gift Card,Hoàn Tất,Tự động,https://redeem.yourdigitalreward.com/activate-code/a69cbc7f7aedfb966d41143d6f355fdf21d1fc58,"""203178391719443728",,"20,83",GIFTCARD,2PGRMGD02B,Tự động,,Hoàn Tất
8472824,1783876151852BKGF-1,G1,Riot Points - Gift Card,Riot Points GC 10 Euro,1,1001819294,"10,75","0,54","10,21",,2GGRPGGMK6,1,,qtvtrangdt1,2026-07-13 00:09:12,2026-07-13 09:20:23,Gift Card,Hoàn Tất,Tự động,RA-8AEVZ5C2XCKJRTJY,"""203178390921254203",,"9,42",GIFTCARD,2GGRPGGMK6,Tự động,,Hoàn Tất
8475710,1783896842850R6L4-1,G1,Amazon - Gift Card,Amazon Gift Card USD 10 (US),1,1004109394,"11,72","0,58","11,14",,2PGAGCU5SG,1,,,2026-07-13 05:54:03,2026-07-13 09:38:00,Gift Card,Hoàn Tất,Tự động,7WMD8HPSZH7WAF,"""203178391027237553",,"8,91",GIFTCARD,2PGAGCU5SG,Tự động,,Hoàn Tất
8475817,1783897427649VE1F-1,G1,LOL - League of Legends,League of Legends - 50 EUR,1,7510016,55,"2,74","52,26",,2GGLOL3JV1,1,,,2026-07-13 06:03:48,2026-07-13 09:10:17,Gift Card,Hoàn Tất,Tự động,RA-2C9258GEDCCESGNN,"""203178390861031751",,"47,59",GIFTCARD,2GGLOL3JV1,Tự động,,Hoàn Tất
8497276,1783926842372BWCF-1,G1,Rewarble - Gift Card,Rewarble Super Gift Card USA - 100 USD,1,1004168289,"126,97","6,34","120,63",,2PGRSGL68E,1,,qtvtrangdt1,2026-07-13 14:14:03,2026-07-13 15:09:20,Gift Card,Hoàn Tất,Tự động,25XYMV2QDMQ35FRL,"""203178393015270548",,"107,41",GIFTCARD,2PGRSGL68E,Tự động,,Hoàn Tất
8497412,1783928096504Y3PQ-1,G1,Amazon - Gift Card,Amazon Gift Card USD 5 (US),1,1002402780,"5,95","0,3","5,65",,2PGAGCJ7IP,1,,qtvtrangdt1,2026-07-13 14:34:57,2026-07-13 15:31:51,Gift Card,Hoàn Tất,Tự động,A528NNQD39KSA9,"""203178393150518993",,"4,37",GIFTCARD,2PGAGCJ7IP,Tự động,,Hoàn Tất
8497877,1783930883530B2AW-1,G1,Steam - Gift Card,US Steam Wallet 20 USD,1,1003740593,"23,35","1,17","22,18",,2PGSWCGJLA,1,,,2026-07-13 15:21:24,2026-07-20 20:45:49,Gift Card,Hoàn Tất,Tự động,8C3PX-45DC6-GBRP3,"""193178455514375079",,"20,07",GIFTCARD,2PGSWCGJLA,Tự động,,Hoàn Tất
8500284,1783946213621UDLV-1,G1,Rewarble - Gift Card,Rewarble Super Gift Card USD 40 (Global),1,1004084930,"49,7","2,48","47,22",,2PGRSGRJOO,1,,anhnqv,2026-07-13 19:36:54,2026-07-13 23:04:26,Gift Card,Hoàn Tất,Tự động,6N23JWKGUYW9585N,"""211178395865853463",,"42,97",GIFTCARD,2PGRSGRJOO,Tự động,,Hoàn Tất
8501724,1783954327516X2IT-1,G1,PSN - Gift card,Brazil Playstation Network (PSN) 35 BRL,2,1003254098,"14,14","0,71","13,43",,2PGPNGG8B3,1,,anhnqv,2026-07-13 21:52:08,2026-07-16 16:28:59,Gift Card,Hoàn Tất,Tự động,PDXF-383X-8BL6,"""211178419413269334",,"6,29",GIFTCARD,2PGPNGG8B3,Tự động,,Hoàn Tất
8501724,1783954327516X2IT-1,G1,PSN - Gift card,Brazil Playstation Network (PSN) 35 BRL,2,1003254098,0,0,0,,2PGPNGG8B3,1,,anhnqv,2026-07-13 21:52:08,2026-07-16 16:28:59,Gift Card,Hoàn Tất,Tự động,P5F8-7R4R-DPQD,"""211178419413241602",,"6,29",GIFTCARD,2PGPNGG8B3,Tự động,,Đã up code
8502913,1783961641784JLXE-1,G1,Rewarble - Gift Card,Rewarble Super Gift Card EU - 500 EUR,1,1004180236,720,"35,93","684,07",,2PGRSG0UVU,1,,,2026-07-13 23:54:02,2026-07-14 00:06:12,Gift Card,Hoàn Tất,Tự động,MPC9EJZLQP131A84,"""211178396236395813",,"608,51",GIFTCARD,2PGRSG0UVU,Tự động,,Hoàn Tất
8503957,1783967304301QHY9-1,G1,LOL - League of Legends,League of Legends - 35 EUR,1,1001133648,"37,5","1,87","35,63",,2GGLOLGWOZ,1,,,2026-07-14 01:28:25,2026-07-14 08:41:16,Gift Card,Hoàn Tất,Tự động,RA-VD2P7JWNA5LCMV89,"""193178399327135323",,"32,91",GIFTCARD,2GGLOLGWOZ,Tự động,,Hoàn Tất
8504066,1783967829087D9XM-1,G1,Rewarble - Gift Card,Rewarble Super Gift Card EU - 500 EUR,1,1004180236,720,"35,93","684,07",,2PGRSG0UVU,1,,qtvlinhmp,2026-07-14 01:37:10,2026-07-14 08:22:59,Gift Card,Hoàn Tất,Tự động,BT4RK2GYES1JSIAR,"""193178399217053554",,"608,64",GIFTCARD,2PGRSG0UVU,Tự động,,Hoàn Tất
8504314,1783969705224EIF2-1,G1,LOL - League of Legends,League of Legends - 10 EUR,1,1002681299,11,"0,55","10,45",,2GGLOLV56A,1,,,2026-07-14 02:08:26,2026-07-14 08:47:45,Gift Card,Hoàn Tất,Tự động,RA-MJL5K7Z6K4GS9PFT,"""193178399366181795",,"9,42",GIFTCARD,2GGLOLV56A,Tự động,,Hoàn Tất
8507557,1783993869790ISFZ-1,G1,Valorant,EU 2575 Valorant Points EU - 25 EUR,1,1001720862,61,"3,04","57,96",,2GGVGCNWWM,1,,,2026-07-14 08:51:11,2026-07-18 16:49:12,Gift Card,Hoàn Tất,Tự động,RA-WM5J2A242MUZ9ZYJ,"""211178436814713029",,"26,63",GIFTCARD,2GGVGCNWWM,Tự động,,Hoàn Tất
8519246,1784002528895ZD4A-1,G1,Valorant,EU 2575 Valorant Points EU - 25 EUR,1,1003043837,31,"1,55","29,45",,2GGVGCNWWM,1,,qtvtrangdt1,2026-07-14 11:15:29,2026-07-14 13:25:06,Gift Card,Hoàn Tất,Tự động,RA-LWHKZ3ZLQH2H2H3M,"""203178401029949213",,"26,63",GIFTCARD,2GGVGCNWWM,Tự động,,Hoàn Tất
8519428,1784003851410O8OK-1,G1,Rewarble - Gift Card,Rewarble Super 10 CAD,1,1004182171,"9,5","0,47","9,03",,2PGRSGHKV8,1,,qtvtrangdt1,2026-07-14 11:37:32,2026-07-14 13:18:06,Gift Card,Hoàn Tất,Tự động,1NZYXBI5AX5CMHC7,"""203178400988196388",,"7,57",GIFTCARD,2PGRSGHKV8,Tự động,,Hoàn Tất
8520277,1784009842152PWGO-1,G1,Razer Gold - Gift Card,Razer - Global - 50 USD,1,1004178277,"56,3","2,81","53,49",,2PGRGPU1T9,1,,,2026-07-14 13:17:23,2026-07-14 14:33:23,Gift Card,Hoàn Tất,Tự động,Pin:HEU9MCUXJMN2BASerial:RG020003053708,"""203178401439924442",,"47,28",GIFTCARD,2PGRGPU1T9,Tự động,,Hoàn Tất
8520604,1784012055179ZZP0-1,G1,Amazon - Gift Card,Amazon Gift Card USD 20 (US),1,1004180997,"22,59","1,13","21,46",,2PGAGCQQNO,1,,,2026-07-14 13:54:16,2026-07-14 15:01:42,Gift Card,Hoàn Tất,Tự động,X9FU-TXYPLC-YAAF,"""203178401609780592",,"19,24",GIFTCARD,2PGAGCQQNO,Tự động,,Hoàn Tất
8521021,1784014748688T4B3-1,G1,Rewarble - Gift Card,Rewarble PayPal5 USD,1,1003461531,"6,69","0,33","6,36",,2PGRPGOSYM,1,,,2026-07-14 14:39:09,2026-07-14 14:51:23,Gift Card,Hoàn Tất,Tự động,YYCS5ILIZ1F3TXG9,"""203178401547554777",,"5,37",GIFTCARD,2PGRPGOSYM,Tự động,,Hoàn Tất
8521538,1784017913345H8CX-1,G1,Rewarble - Gift Card,Ppal Rewarble Gift Card USD 10 (Global),1,1003461531,"12,4","0,62","11,78",,,1,,qtvtrangdt1,2026-07-14 15:31:54,2026-07-17 16:16:54,Gift Card,Hoàn Tất,Tự động,,,,,,,Thủ công,,
8521554,1784018006879RNWS-1,G1,Razer Gold - Gift Card,Razer Gold PIN (Global) - 500$ USD,1,1004178277,563,"28,09","534,91",,2PGRGPBLZX,1,,,2026-07-14 15:33:27,2026-07-14 16:24:23,Gift Card,Hoàn Tất,Tự động,3UJVBF48HWZWBS,"""203178402106031209",,"494,78",GIFTCARD,2PGRGPBLZX,Tự động,,Hoàn Tất
8527523,1784022141977WO1O-1,G1,Mastercard,Mastercard Gift Card USA - 25 USD,1,1003804517,31,"1,55","29,45",,2PGMGCVN6Q,1,,,2026-07-14 16:42:23,2026-07-15 13:50:41,Gift Card,Hoàn Tất,Tự động,https://redeem.yourdigitalreward.com/activate-code/1feaccf76bfd1582642a1a4a1544e31da2e72432,"""203178409823727586",,"26,03",GIFTCARD,2PGMGCVN6Q,Tự động,,Hoàn Tất
8527845,1784024303334WL31-1,G1,Amazon - Gift Card,Amazon Gift Card USD 10 (US),1,1002576319,"11,72","0,58","11,14",,2PGAGCU5SG,1,,anhnqv,2026-07-14 17:18:24,2026-07-14 18:13:57,Gift Card,Hoàn Tất,Tự động,SG4A7THJ268RAK,"""211178402763167952",,"8,91",GIFTCARD,2PGAGCU5SG,Tự động,,Hoàn Tất
8527958,1784025321508MLOO-1,G1,Rewarble - Gift Card,Rewarble Gift Cards CAD 5 (Global),1,1004182963,5,"0,25","4,75",,,1,,,2026-07-14 17:35:22,2026-07-17 18:20:37,Gift Card,Hoàn Tất,Tự động,,,,,,,Thủ công,,
8528947,1784031919297JCU7-1,G1,Riot Points - Gift Card,EU 2050 Valorant Points EU - 20 EUR,2,1001331793,51,"2,54","48,46",,2GGVGC9OVX,1,,,2026-07-14 19:25:20,2026-07-14 21:13:54,Gift Card,Hoàn Tất,Tự động,RA-J3ELHHNKM6NHALVC,"""211178403842321674",,"21,41",GIFTCARD,2GGVGC9OVX,Tự động,,Hoàn Tất
8528947,1784031919297JCU7-1,G1,Riot Points - Gift Card,EU 2050 Valorant Points EU - 20 EUR,2,1001331793,0,0,0,,2GGVGC9OVX,1,,,2026-07-14 19:25:20,2026-07-14 21:13:54,Gift Card,Hoàn Tất,Tự động,RA-NQDGVSZCJBN5B2XC,"""211178403842316999",,"21,41",GIFTCARD,2GGVGC9OVX,Tự động,,Đã up code
8530199,1784039690888G1IR-1,G1,Valorant,EU 2575 Valorant Points EU - 25 EUR,1,8203434,61,"3,04","57,96",,2GGVGCNWWM,1,,anhnqv,2026-07-14 21:34:51,2026-07-14 22:22:25,Gift Card,Hoàn Tất,Tự động,RA-C922V26JXRPZKM4C,"""211178404254131462",,"26,87",GIFTCARD,2GGVGCNWWM,Tự động,,Hoàn Tất
8532075,1784051101944WBKA-1,G1,Rewarble - Gift Card,Rewarble PayPal EU - 200 EUR,1,1004184275,289,"14,42","274,58",,2PGRPGEQSN,1,,,2026-07-15 00:45:02,2026-07-15 09:16:40,Gift Card,Hoàn Tất,Tự động,S863AXAX5JJXCA2U,"""193178408179296589",,"244,51",GIFTCARD,2PGRPGEQSN,Tự động,,Hoàn Tất
8532234,1784051757255OOU3-1,G1,Riot Points - Gift Card,Riot Points GC 50 Euro,1,3981659,54,"2,69","51,31",,2GGRPGNVA4,1,,,2026-07-15 00:55:58,2026-07-15 09:31:34,Gift Card,Hoàn Tất,Tự động,RA-TAN8T5WWLZXDTMG6,"""193178408268864779",,"47,59",GIFTCARD,2GGRPGNVA4,Tự động,,Hoàn Tất
8546433,1784079287545CWGB-1,G1,Mastercard,Mastercard Gift Card USA - 100 USD,1,1004184952,121,"6,04","114,96",,2PGMGCDLC7,1,,qtvlinhmp,2026-07-15 08:34:48,2026-07-17 23:58:12,Gift Card,Hoàn Tất,Tự động,https://redeem.yourdigitalreward.com/activate-code/14874680f3fa20fbb234e0cfbe4088a72fbfab6e,"""193178430748496833",,"104,12",GIFTCARD,2PGMGCDLC7,Tự động,,Hoàn Tất
8547954,1784083630286GQ8O-1,G1,Amazon - Gift Card,Amazon Gift Card USD 25 (US),1,8013980,"34,5","1,72","32,78",,2PGAGCTHQA,1,,qtvlinhmp,2026-07-15 09:47:11,2026-07-15 10:51:44,Gift Card,Hoàn Tất,Tự động,ZZKB-WC7C8B-C9A8,"""193178408749641880",,"22,13",GIFTCARD,2PGAGCTHQA,Tự động,,Hoàn Tất
8547958,1784083972773F05M-1,G1,LOL - League of Legends,League of Legends - 100 EUR,1,7510016,106,"5,29","100,71",,2GGLOLOWRC,1,,,2026-07-15 09:52:53,2026-07-15 10:08:25,Gift Card,Hoàn Tất,Tự động,RA-72EMQCDJ9F663J9F,"""193178408489724654",,"94,16",GIFTCARD,2GGLOLOWRC,Tự động,,Hoàn Tất
8548032,1784086684843L869-1,G1,Amazon - Gift Card,Amazon Gift Card USD 25 (US),1,6723550,"27,26","1,36","25,9",,2PGAGCTHQA,1,,qtvlinhmp,2026-07-15 10:38:06,2026-07-15 11:10:44,Gift Card,Hoàn Tất,Tự động,3Y8W-WRDRQP-D4AS,"""193178408863572908",,"22,13",GIFTCARD,2PGAGCTHQA,Tự động,,Hoàn Tất
8548059,1784088791270ZC8N-1,G1,Rewarble - Gift Card,Rewarble Super Gift Card USA - 20 USD,1,1002155251,25,"1,25","23,75",,2PGRSGZ41C,1,,,2026-07-15 11:13:12,2026-07-15 21:38:11,Gift Card,Hoàn Tất,Tự động,71DL8GRUD11ZLLJW,"""193178412628071291",,"21,49",GIFTCARD,2PGRSGZ41C,Tự động,,Hoàn Tất
8548123,1784092488017ZSWK-1,G1,Amazon - Gift Card,Amazon Gift Card USD 30 (US),1,1002841577,"77,99","3,89","74,1",,2PGAGCQZV6,1,,qtvtrangdt1,2026-07-15 12:14:48,2026-07-15 13:24:31,Gift Card,Hoàn Tất,Tự động,GFLK-EK7M5P-WUA6,"""203178409666773434",,"27,8",GIFTCARD,2PGAGCQZV6,Tự động,,Hoàn Tất
8548229,1784099798184AHRW-1,G1,Rewarble - Gift Card,Rewarble Paypal Gift Card EUR 200 (Global),1,1000990247,289,"14,42","274,58",,2PGRPGUJOZ,1,,qtvtrangdt1,2026-07-15 14:16:39,2026-07-15 14:35:07,Gift Card,Hoàn Tất,Tự động,PH7FSQXFLPGBPMS3,"""203178410090430401",,"244,21",GIFTCARD,2PGRPGUJOZ,Tự động,,Hoàn Tất
8548273,1784101163665ZVMA-1,G1,Rewarble - Gift Card,Rewarble Paypal Gift Card EUR 150 (Global),1,1000990247,215,"10,73","204,27",,2PGRPGMWSG,1,,,2026-07-15 14:39:24,2026-07-15 15:25:12,Gift Card,Hoàn Tất,Tự động,W5659ANVEM2QDMWT,"""203178410390387696",,"183,17",GIFTCARD,2PGRPGMWSG,Tự động,,Hoàn Tất
8548287,1784101923972VB75-1,G1,Amazon - Gift Card,Amazon Gift Card USD 30 (US),1,1004186352,"27,99","1,4","26,59",,2PGAGCQZV6,1,,qtvtrangdt1,2026-07-15 14:52:05,2026-07-15 16:00:47,Gift Card,Hoàn Tất,Tự động,AWB2AS54MG6GAY,"""203178410604119809",,"28,25",GIFTCARD,2PGAGCQZV6,Tự động,,Hoàn Tất
8548324,1784103215662IA3I-1,G1,Valorant,EU 5350 Valorant Points EU - 50 EUR,1,1000990247,123,"6,14","116,86",,2GGVGC47WF,1,,qtvlinhmp,2026-07-15 15:13:36,2026-07-15 20:35:47,Gift Card,Hoàn Tất,Tự động,RA-NDJ9F68DV3FPUXT3,"""193178412254130074",,"50,63",GIFTCARD,2GGVGC47WF,Tự động,,Hoàn Tất
8548479,1784109731172GCI2-1,G1,Rewarble - Gift Card,Rewarble Paypal Gift Card EUR 150 (Global),1,1000990247,215,"10,73","204,27",,2PGRPGMWSG,1,,anhnqv,2026-07-15 17:02:12,2026-07-15 17:11:45,Gift Card,Hoàn Tất,Tự động,NE4XINWUWKM7WPPS,"""211178411029829131",,"183,06",GIFTCARD,2PGRPGMWSG,Tự động,,Hoàn Tất
8548537,1784111269960T8QJ-1,G1,Amazon - Gift Card,Amazon Gift Card USD 20 (US),1,1004186743,"22,59","1,13","21,46",,2PGAGCQQNO,1,,,2026-07-15 17:27:50,2026-07-15 17:47:27,Gift Card,Hoàn Tất,Tự động,NPSA-NM39UK-2FAB,"""211178411244217893",,"19,24",GIFTCARD,2PGAGCQQNO,Tự động,,Hoàn Tất
8548755,1784120233384AYDO-1,G1,Valorant,EU 3650 Valorant Points EU - 35 EUR,1,1004030434,"43,69","2,18","41,51",,2GGVGC7976,1,,,2026-07-15 19:57:14,2026-07-15 20:47:46,Gift Card,Hoàn Tất,Tự động,RA-LZXEYCH79F4X4CA4,"""193178412325965849",,"37,9",GIFTCARD,2GGVGC7976,Tự động,,Hoàn Tất
8548787,1784121781044QEAA-1,G1,Rewarble - Gift Card,Rewarble PayPal - 50 USD,1,1003247882,"62,5","3,12","59,38",,2PGRPGIVSF,1,,qtvlinhmp,2026-07-15 20:23:02,2026-07-15 22:02:32,Gift Card,Hoàn Tất,Tự động,518XVNX9V9HF58LA,"""193178412774813419",,"53,71",GIFTCARD,2PGRPGIVSF,Tự động,,Hoàn Tất
8548819,1784124804375Y72J-1,G1,Rewarble - Gift Card,Rewarble PayPal5 USD,1,1001834155,"6,69","0,33","6,36",,2PGRPGOSYM,1,,,2026-07-15 21:13:25,2026-07-15 21:41:35,Gift Card,Hoàn Tất,Tự động,YKA1LAZLY2ZZUTLF,"""193178412649084492",,"5,37",GIFTCARD,2PGRPGOSYM,Tự động,,Hoàn Tất
8548847,1784126267179J2QW-1,G1,Rewarble - Gift Card,Rewarble Super 25 USD,1,1000734597,"30,7","1,53","29,17",,2PGRSGAXZE,1,,qtvlinhmp,2026-07-15 21:37:48,2026-07-15 21:58:18,Gift Card,Hoàn Tất,Tự động,THHZ61FCADHRANDM,"""193178412749598751",,"26,85",GIFTCARD,2PGRSGAXZE,Tự động,,Hoàn Tất
8548889,1784128296987VUD1-1,G1,Rewarble - Gift Card,Rewarble Super Gift Card USA - 20 USD,1,1003247882,25,"1,25","23,75",,2PGRSGZ41C,1,,qtvlinhmp,2026-07-15 22:11:37,2026-07-15 22:21:22,Gift Card,Hoàn Tất,Tự động,3VVS7ETNCH55TFST,"""193178412887691425",,"24,19",GIFTCARD,2PGRSGZ41C,Tự động,,Hoàn Tất
8554395,1784136518449RJOO-1,G1,Rewarble - Gift Card,Rewarble PayPal5 USD,1,1001834155,"6,69","0,33","6,36",,2PGRPGOSYM,1,,qtvtrangdt1,2026-07-16 00:28:39,2026-07-16 11:53:38,Gift Card,Hoàn Tất,Tự động,CXSWJFIF6MLI6PNE,"""203178417761431926",,"5,37",GIFTCARD,2PGRPGOSYM,Tự động,,Hoàn Tất
8554573,1784137874167NJME-1,G1,Valorant,EU 3650 Valorant Points EU - 35 EUR,1,1003547550,"43,69","2,18","41,51",,2GGVGC7976,1,,qtvtrangdt1,2026-07-16 00:51:15,2026-07-16 11:32:34,Gift Card,Hoàn Tất,Tự động,RA-CTTD58HK4JZ9YU2E,"""203178417634634709",,"38,03",GIFTCARD,2GGVGC7976,Tự động,,Hoàn Tất
8554939,1784154794063ZG9B-1,G1,Rewarble - Gift Card,Rewarble Gift Cards USD 100 (Global),1,1002438611,272,"13,57","258,43",,2PGRGCNHTT,1,,qtvtrangdt1,2026-07-16 05:33:19,2026-07-16 10:52:29,Gift Card,Hoàn Tất,Tự động,5PJI2IA4WRHUL16X,"""203178417394198732",,"103,79",GIFTCARD,2PGRGCNHTT,Tự động,,Hoàn Tất
8558640,1784166631705HVPO-1,G1,Valorant,EU 3650 Valorant Points EU - 35 EUR,1,1004187549,"43,69","2,18","41,51",,2GGVGC7976,1,,qtvtrangdt1,2026-07-16 08:50:32,2026-07-16 08:56:11,Gift Card,Hoàn Tất,Tự động,RA-C8SYA7VHPKJPKHKY,"""203178416696722225",,"37,92",GIFTCARD,2GGVGC7976,Tự động,,Hoàn Tất
8558928,1784179142418YBMA-1,G1,Rewarble - Gift Card,Rewarble Paypal Gift Card EUR 150 (Global),1,1002560287,215,"10,73","204,27",,2PGRPGMWSG,1,,,2026-07-16 12:19:08,2026-07-16 12:43:45,Gift Card,Hoàn Tất,Tự động,UFKG9ZWNWC7IIWR6,"""193178418061558007",,"183,85",GIFTCARD,2PGRPGMWSG,Tự động,,Hoàn Tất
8558958,1784180815428FMSB-1,G1,Rewarble - Gift Card,Rewarble Paypal Gift Card EUR 150 (Global),1,1002560287,215,"10,73","204,27",,2PGRPGMWSG,1,,qtvlinhmp,2026-07-16 12:47:01,2026-07-16 12:53:52,Gift Card,Hoàn Tất,Tự động,CH6WTWW3ESJZTXCA,"""193178418122730114",,"183,83",GIFTCARD,2PGRPGMWSG,Tự động,,Hoàn Tất
8558998,1784182650587R8ST-1,G1,Steam - Gift Card,US Steam Wallet 20 USD,1,1004180988,"23,35","1,17","22,18",,2PGSWCGJLA,1,,qtvlinhmp,2026-07-16 13:17:31,2026-07-16 13:51:04,Gift Card,Hoàn Tất,Tự động,N0AEE-GWI9I-FVL0T,"""193178418465964949",,"20,07",GIFTCARD,2PGSWCGJLA,Tự động,,Hoàn Tất
8570212,1784199594456GFZ0-1,G1,Amazon - Gift Card,Amazon Gift Card 5 GBP United Kingdom,1,4505947,"7,9","0,39","7,51",,2PGAGCA6C3,1,,anhnqv,2026-07-16 18:00:00,2026-07-16 18:36:51,Gift Card,Hoàn Tất,Tự động,C49Q-4LZ4QC-KRBN,"""211178420180746611",,"5,98",GIFTCARD,2PGAGCA6C3,Tự động,,Hoàn Tất
8570215,1784199806675TRS2-1,G1,Amazon - Gift Card,Amazon Gift Card 5 GBP United Kingdom,1,4505947,"7,9","0,39","7,51",,2PGAGCA6C3,1,,anhnqv,2026-07-16 18:03:27,2026-07-16 18:36:20,Gift Card,Hoàn Tất,Tự động,CLCP-B6FL7X-GTBA,"""211178420177387985",,"5,98",GIFTCARD,2PGAGCA6C3,Tự động,,Hoàn Tất
8577615,1784202451711AQTY-1,G1,Riot Points - Gift Card,Riot Points GC 20 Euro,1,1003258740,"25,5","1,27","24,23",,2GGRPGQTZG,1,,,2026-07-16 18:47:32,2026-07-16 19:09:46,Gift Card,Hoàn Tất,Tự động,RA-C6GK6UFHTBUY6JXV,"""211178420378296334",,"20,76",GIFTCARD,2GGRPGQTZG,Tự động,,Hoàn Tất
8577804,1784210287612CDB4-1,G1,Rewarble - Gift Card,Rewarble Super Gift Card USA - 20 USD,1,1002155251,25,"1,25","23,75",,2PGRSGZ41C,1,,,2026-07-16 20:58:08,2026-07-16 22:26:28,Gift Card,Hoàn Tất,Tự động,3H97U3GESH3SI9ZL,"""193178421558386211",,"21,49",GIFTCARD,2PGRSGZ41C,Tự động,,Hoàn Tất
8577917,1784215044283EX0T-1,G1,PSN - Gift card,India PSN gift card India 2000 INR,1,1003032847,"31,7","1,58","30,12",,2PGPNG45ZO,1,,,2026-07-16 22:17:25,2026-07-16 23:50:52,Gift Card,Hoàn Tất,Tự động,7HT3-Q975-GPG8,"""193178422064720302",,"22,78",GIFTCARD,2PGPNG45ZO,Tự động,,Hoàn Tất
8577937,1784215980410LYWZ-1,G1,Rewarble - Gift Card,Rewarble Super Gift Card USA - 200 USD,3,1002438611,741,"36,98","704,02",,2PGRSG6IRG,1,,qtvlinhmp,2026-07-16 22:33:01,2026-07-16 23:00:11,Gift Card,Hoàn Tất,Tự động,QAR1KKAZYNZ44IM5,"""193178421760617474",,"214,81",GIFTCARD,2PGRSG6IRG,Tự động,,Hoàn Tất
8577937,1784215980410LYWZ-1,G1,Rewarble - Gift Card,Rewarble Super Gift Card USA - 200 USD,3,1002438611,0,0,0,,2PGRSG6IRG,1,,qtvlinhmp,2026-07-16 22:33:01,2026-07-16 23:00:11,Gift Card,Hoàn Tất,Tự động,H6BITRF8F69AGWT8,"""193178421760664598",,"214,81",GIFTCARD,2PGRSG6IRG,Tự động,,Đã up code
8577937,1784215980410LYWZ-1,G1,Rewarble - Gift Card,Rewarble Super Gift Card USA - 200 USD,3,1002438611,0,0,0,,2PGRSG6IRG,1,,qtvlinhmp,2026-07-16 22:33:01,2026-07-16 23:00:11,Gift Card,Hoàn Tất,Tự động,1G3CHPBXHMFJMI5W,"""193178421760670217",,"214,81",GIFTCARD,2PGRSG6IRG,Tự động,,Đã up code
8577945,1784216819555WUA7-1,G1,LOL - League of Legends,League of Legends - 20 EUR,1,1001891642,"24,89","1,24","23,65",,2GGLOLDKOI,1,,qtvlinhmp,2026-07-16 22:47:00,2026-07-16 23:44:06,Gift Card,Hoàn Tất,Tự động,RA-P59NBBA8XU6XWJMA,"""193178422023974952",,"20,76",GIFTCARD,2GGLOLDKOI,Tự động,,Hoàn Tất
8577960,1784218088735MA5T-1,G1,Rewarble - Gift Card,Rewarble Super Gift Card USA - 200 USD,3,1002438611,741,"36,98","704,02",,2PGRSG6IRG,1,,qtvlinhmp,2026-07-16 23:08:09,2026-07-16 23:24:45,Gift Card,Hoàn Tất,Tự động,5FA8DGJUHMGLF7ZQ,"""193178421908045810",,"214,81",GIFTCARD,2PGRSG6IRG,Tự động,,Hoàn Tất
8577960,1784218088735MA5T-1,G1,Rewarble - Gift Card,Rewarble Super Gift Card USA - 200 USD,3,1002438611,0,0,0,,2PGRSG6IRG,1,,qtvlinhmp,2026-07-16 23:08:09,2026-07-16 23:24:45,Gift Card,Hoàn Tất,Tự động,WGAX36F8AA985DU8,"""193178421908057542",,"214,81",GIFTCARD,2PGRSG6IRG,Tự động,,Đã up code
8577960,1784218088735MA5T-1,G1,Rewarble - Gift Card,Rewarble Super Gift Card USA - 200 USD,3,1002438611,0,0,0,,2PGRSG6IRG,1,,qtvlinhmp,2026-07-16 23:08:09,2026-07-16 23:24:45,Gift Card,Hoàn Tất,Tự động,92TYAQ32FXQATXDS,"""193178421908015693",,"214,81",GIFTCARD,2PGRSG6IRG,Tự động,,Đã up code
8577970,1784218653456B29L-1,G1,Valorant,EU 5350 Valorant Points EU - 50 EUR,1,6176198,61,"3,04","57,96",,2GGVGC47WF,1,,qtvlinhmp,2026-07-16 23:17:34,2026-07-16 23:37:49,Gift Card,Hoàn Tất,Tự động,RA-9N7QQ6GHVM96PRDE,"""193178421986453407",,"50,63",GIFTCARD,2GGVGC47WF,Tự động,,Hoàn Tất
8578314,1784229063793QSUA-1,G1,LOL - League of Legends,League of Legends - 100 EUR,2,1001298271,215,"10,73","204,27",,2GGLOLOWRC,1,,anhnqv,2026-07-17 02:11:09,2026-07-17 18:54:44,Gift Card,Hoàn Tất,Tự động,RA-QLLWHGL99ABFZEQ8,"""211178428927839220",,"105,84",GIFTCARD,2GGLOLOWRC,Tự động,,Hoàn Tất
8578314,1784229063793QSUA-1,G1,LOL - League of Legends,League of Legends - 100 EUR,2,1001298271,0,0,0,,2GGLOLOWRC,1,,anhnqv,2026-07-17 02:11:09,2026-07-17 18:54:44,Gift Card,Hoàn Tất,Tự động,RA-5ZFVRWYXJJVFC5D8,"""211178428927825574",,"105,84",GIFTCARD,2GGLOLOWRC,Tự động,,Đã up code
8578338,1784231836124YIAY-1,G1,LOL - League of Legends,League of Legends - 100 EUR,1,8498776,"107,5","5,36","102,14",,2GGLOLOWRC,1,,qtvlinhmp,2026-07-17 02:57:17,2026-07-17 10:35:34,Gift Card,Hoàn Tất,Tự động,RA-S4VRVT9GEB49PFTJ,"""193178425933025868",,"94,16",GIFTCARD,2GGLOLOWRC,Tự động,,Hoàn Tất
8578426,1784232239502MPVO-1,G1,Rewarble - Gift Card,Rewarble Paypal Gift Card EUR 150 (Global),1,1002560287,215,"10,73","204,27",,2PGRPGMWSG,1,,qtvlinhmp,2026-07-17 03:04:00,2026-07-17 10:28:44,Gift Card,Hoàn Tất,Tự động,HDTWTRHVLR3ZTLYC,"""193178425891330113",,"183,4",GIFTCARD,2PGRPGMWSG,Tự động,,Hoàn Tất
8578434,1784233084057BDRN-1,G1,Rewarble - Gift Card,Rewarble Super Gift Card USA - 200 USD,3,1002438611,741,"36,98","704,02",,2PGRSG6IRG,1,,qtvtrangdt1,2026-07-17 03:18:10,2026-07-17 14:46:04,Gift Card,Hoàn Tất,Tự động,GDEDNV8P6GPPPDJW,"""203178427435477095",,"214,81",GIFTCARD,2PGRSG6IRG,Tự động,,Hoàn Tất
8578434,1784233084057BDRN-1,G1,Rewarble - Gift Card,Rewarble Super Gift Card USA - 200 USD,3,1002438611,0,0,0,,2PGRSG6IRG,1,,qtvtrangdt1,2026-07-17 03:18:10,2026-07-17 14:46:04,Gift Card,Hoàn Tất,Tự động,-54BPQ77Y55V4FAQQ,"""203178427435481658",,"214,81",GIFTCARD,2PGRSG6IRG,Tự động,,Đã up code
8578434,1784233084057BDRN-1,G1,Rewarble - Gift Card,Rewarble Super Gift Card USA - 200 USD,3,1002438611,0,0,0,,2PGRSG6IRG,1,,qtvtrangdt1,2026-07-17 03:18:10,2026-07-17 14:46:04,Gift Card,Hoàn Tất,Tự động,-C27BDP4ES8V2VZC2,"""203178427435454084",,"214,81",GIFTCARD,2PGRSG6IRG,Tự động,,Đã up code
8578523,1784237650377YFA8-1,G1,Rewarble - Gift Card,Rewarble PayPal EU - 200 EUR,1,1001708174,289,"14,42","274,58",,2PGRPGEQSN,1,,,2026-07-17 04:34:11,2026-07-17 12:19:26,Gift Card,Hoàn Tất,Tự động,SW42TCXG5WWYIL7Z,"""203178426556281750",,"244,51",GIFTCARD,2PGRPGEQSN,Tự động,,Hoàn Tất
8578583,1784239538762AZX6-1,G1,Riot Points - Gift Card,Riot Points GC 10 Euro,1,1001820392,"12,4","0,62","11,78",,2GGRPGGMK6,1,,,2026-07-17 05:05:39,2026-07-18 11:57:13,Gift Card,Hoàn Tất,Tự động,RA-Y6LADSGS8JRWYTXX,"""203178435062767278",,"11,32",GIFTCARD,2GGRPGGMK6,Tự động,,Hoàn Tất
8578678,1784243662861BU60-1,G1,Amazon - Gift Card,Amazon Gift Card USD 10 (US),1,1001106038,"11,72","0,58","11,14",,2PGAGCU5SG,1,,qtvlinhmp,2026-07-17 06:14:23,2026-07-17 10:43:39,Gift Card,Hoàn Tất,Tự động,LXHH-HXRXY8-SKAZ,"""193178425980995891",,"8,47",GIFTCARD,2PGAGCU5SG,Tự động,,Hoàn Tất
8578695,1784248195712JHWI-1,G1,Rewarble - Gift Card,Rewarble PayPal5 USD,1,1002721944,"6,69","0,33","6,36",,2PGRPGOSYM,1,,anhnqv,2026-07-17 07:29:56,2026-07-17 16:25:20,Gift Card,Hoàn Tất,Tự động,RSVX5RB7RZIQ5WBK,"""211178428031489169",,"5,37",GIFTCARD,2PGRPGOSYM,Tự động,,Hoàn Tất
8584252,1784257923184RHWX-1,G1,Rewarble - Gift Card,Rewarble Super Gift Card USA - 10 USD,1,1001927968,"12,9","0,64","12,26",,2PGRSG2ZEF,1,,,2026-07-17 10:12:04,2026-07-17 10:45:44,Gift Card,Hoàn Tất,Tự động,PXT1T1SSZYF9HDI3,"""193178425993682240",,"10,75",GIFTCARD,2PGRSG2ZEF,Tự động,,Hoàn Tất
8588030,1784260042292I9VA-1,G1,Riot Points - Gift Card,Riot Points GC 80 Euro,1,6765466,"90,99","4,54","86,45",,2GGRPGZW5G,1,,qtvlinhmp,2026-07-17 10:47:23,2026-07-17 11:25:33,Gift Card,Hoàn Tất,Tự động,RA-JHNHBSPTQVYXJJT8,"""193178426232370085",,81,GIFTCARD,2GGRPGZW5G,Tự động,,Hoàn Tất
8589939,1784271258892FTVH-1,G1,Riot Points - Gift Card,Riot Points GC 100 Euro,1,7510016,108,"5,39","102,61",,2GGRPGO4E6,1,,,2026-07-17 13:54:19,2026-07-17 15:05:40,Gift Card,Hoàn Tất,Tự động,RA-K5QYCLQGZB8XSVPH,"""203178427553338287",,"113,2",GIFTCARD,2GGRPGO4E6,Tự động,,Hoàn Tất
8590006,1784274124844KSM4-1,G1,LOL - League of Legends,League of Legends - 50 EUR,4,1001298271,220,"10,98","209,02",,2GGLOL3JV1,1,,anhnqv,2026-07-17 14:42:05,2026-07-17 16:22:59,Gift Card,Hoàn Tất,Tự động,RA-95LDSK72A258FC3Z,"""211178428017410441",,"50,63",GIFTCARD,2GGLOL3JV1,Tự động,,Hoàn Tất
8590006,1784274124844KSM4-1,G1,LOL - League of Legends,League of Legends - 50 EUR,4,1001298271,0,0,0,,2GGLOL3JV1,1,,anhnqv,2026-07-17 14:42:05,2026-07-17 16:22:59,Gift Card,Hoàn Tất,Tự động,RA-K39VBN47GHVM6MEY,"""211178428017475318",,"50,62",GIFTCARD,2GGLOL3JV1,Tự động,,Đã up code
8590006,1784274124844KSM4-1,G1,LOL - League of Legends,League of Legends - 50 EUR,4,1001298271,0,0,0,,2GGLOL3JV1,1,,anhnqv,2026-07-17 14:42:05,2026-07-17 16:22:59,Gift Card,Hoàn Tất,Tự động,RA-KJPKKSYA826HS2NW,"""211178428017493052",,"50,62",GIFTCARD,2GGLOL3JV1,Tự động,,Đã up code
8590006,1784274124844KSM4-1,G1,LOL - League of Legends,League of Legends - 50 EUR,4,1001298271,0,0,0,,2GGLOL3JV1,1,,anhnqv,2026-07-17 14:42:05,2026-07-17 16:22:59,Gift Card,Hoàn Tất,Tự động,RA-7YXKQPZQB6L6S66Z,"""211178428017430572",,"50,62",GIFTCARD,2GGLOL3JV1,Tự động,,Đã up code
8590136,1784279463630BGYW-1,G1,Rewarble - Gift Card,Rewarble PayPal UK - 5 GBP,1,1003005107,"8,4","0,42","7,98",,2PGRPGE47Y,1,,anhnqv,2026-07-17 16:11:04,2026-07-17 16:24:38,Gift Card,Hoàn Tất,Tự động,XWH4BNGMRFQLIS9E,"""211178428027030741",,"7,22",GIFTCARD,2PGRPGE47Y,Tự động,,Hoàn Tất
8592389,1784292903357BDNP-1,G1,Rewarble - Gift Card,Rewarble Super Gift Card USA - 250 USD,4,1002438611,1360,"67,86","1292,14",,2PGRSG4N1K,1,,anhnqv,2026-07-17 19:55:04,2026-07-17 20:20:04,Gift Card,Hoàn Tất,Tự động,ZEBE6RU484JQTK95,"""211178429396223822",,"271,13",GIFTCARD,2PGRSG4N1K,Tự động,,Hoàn Tất
8592389,1784292903357BDNP-1,G1,Rewarble - Gift Card,Rewarble Super Gift Card USA - 250 USD,4,1002438611,0,0,0,,2PGRSG4N1K,1,,anhnqv,2026-07-17 19:55:04,2026-07-17 20:20:04,Gift Card,Hoàn Tất,Tự động,E6PR2CH6YN4LFI7E,"""211178429439590149",,"271,12",GIFTCARD,2PGRSG4N1K,Tự động,,Đã up code
8592389,1784292903357BDNP-1,G1,Rewarble - Gift Card,Rewarble Super Gift Card USA - 250 USD,4,1002438611,0,0,0,,2PGRSG4N1K,1,,anhnqv,2026-07-17 19:55:04,2026-07-17 20:20:04,Gift Card,Hoàn Tất,Tự động,83FR3BYAWLYEIATA,"""211178429439533181",,"271,12",GIFTCARD,2PGRSG4N1K,Tự động,,Đã up code
8592389,1784292903357BDNP-1,G1,Rewarble - Gift Card,Rewarble Super Gift Card USA - 250 USD,4,1002438611,0,0,0,,2PGRSG4N1K,1,,anhnqv,2026-07-17 19:55:04,2026-07-17 20:20:04,Gift Card,Hoàn Tất,Tự động,YLIATY82C4M52C15,"""211178429439553795",,"271,12",GIFTCARD,2PGRSG4N1K,Tự động,,Đã up code
8592468,1784295513986WOPD-1,G1,Rewarble - Gift Card,Rewarble Super Gift Card USA - 200 USD,2,1002438611,494,"24,65","469,35",,2PGRSG6IRG,1,,,2026-07-17 20:38:39,2026-07-17 20:53:44,Gift Card,Hoàn Tất,Tự động,UE9ICLQSLQQPG9X1,"""193178429641854464",,"214,82",GIFTCARD,2PGRSG6IRG,Tự động,,Hoàn Tất
8592468,1784295513986WOPD-1,G1,Rewarble - Gift Card,Rewarble Super Gift Card USA - 200 USD,2,1002438611,0,0,0,,2PGRSG6IRG,1,,,2026-07-17 20:38:39,2026-07-17 20:53:44,Gift Card,Hoàn Tất,Tự động,NNKNN1SVIHMYRQ2J,"""193178429641877944",,"214,82",GIFTCARD,2PGRSG6IRG,Tự động,,Đã up code
8592514,1784296385559YTYI-1,G1,Rewarble - Gift Card,Rewarble Super Gift Card USA - 100 USD,2,1001777898,254,"12,67","241,33",,2PGRSGL68E,1,,qtvlinhmp,2026-07-17 20:53:06,2026-07-17 21:15:21,Gift Card,Hoàn Tất,Tự động,PM7APVXYZNBRF113,"""193178429771797397",,"107,41",GIFTCARD,2PGRSGL68E,Tự động,,Hoàn Tất
8592514,1784296385559YTYI-1,G1,Rewarble - Gift Card,Rewarble Super Gift Card USA - 100 USD,2,1001777898,0,0,0,,2PGRSGL68E,1,,qtvlinhmp,2026-07-17 20:53:06,2026-07-17 21:15:21,Gift Card,Hoàn Tất,Tự động,VXMQUSH4Y28BYYHN,"""193178429771770569",,"107,41",GIFTCARD,2PGRSGL68E,Tự động,,Đã up code
8592541,1784297198005LELV-1,G1,Rewarble - Gift Card,Rewarble Super Gift Card USA - 30 USD,3,1002438611,117,"5,84","111,16",,2PGRSGJJ5B,1,,qtvlinhmp,2026-07-17 21:06:39,2026-07-17 21:29:48,Gift Card,Hoàn Tất,Tự động,6BTMGN9NA1BRWFBI,"""193178429858079576",,"32,23",GIFTCARD,2PGRSGJJ5B,Tự động,,Hoàn Tất
8592541,1784297198005LELV-1,G1,Rewarble - Gift Card,Rewarble Super Gift Card USA - 30 USD,3,1002438611,0,0,0,,2PGRSGJJ5B,1,,qtvlinhmp,2026-07-17 21:06:39,2026-07-17 21:29:48,Gift Card,Hoàn Tất,Tự động,RCZSLTDC73IHAH28,"""193178429858035362",,"32,23",GIFTCARD,2PGRSGJJ5B,Tự động,,Đã up code
8592541,1784297198005LELV-1,G1,Rewarble - Gift Card,Rewarble Super Gift Card USA - 30 USD,3,1002438611,0,0,0,,2PGRSGJJ5B,1,,qtvlinhmp,2026-07-17 21:06:39,2026-07-17 21:29:48,Gift Card,Hoàn Tất,Tự động,W8JFNZMFZX6TQYB5,"""193178429858062388",,"32,23",GIFTCARD,2PGRSGJJ5B,Tự động,,Đã up code
8592551,1784297596986WAUN-1,G1,Rewarble - Gift Card,Rewarble PayPal10 USD,1,1003085836,"12,5","0,62","11,88",,2PGRPG64S3,1,,,2026-07-17 21:13:17,2026-07-17 23:42:33,Gift Card,Hoàn Tất,Tự động,VARBEYZV255U76XA,"""193178430654759493",,"10,85",GIFTCARD,2PGRPG64S3,Tự động,,Hoàn Tất
8592562,1784297687775Q1MN-1,G1,Rewarble - Gift Card,Rewarble PayPal10 USD,1,1000906428,"12,5","0,62","11,88",,2PGRPG64S3,1,,,2026-07-17 21:14:48,2026-07-17 23:00:58,Gift Card,Hoàn Tất,Tự động,NYH7NEWUC4YLNB6N,"""193178430404647042",,"10,85",GIFTCARD,2PGRPG64S3,Tự động,,Hoàn Tất
8592564,1784297786017N81O-1,G1,Valorant,EU 2575 Valorant Points EU - 25 EUR,1,1000931953,31,"1,55","29,45",,2GGVGCNWWM,1,,,2026-07-17 21:16:27,2026-07-17 22:03:39,Gift Card,Hoàn Tất,Tự động,RA-LSWWGEB4C5ARMPB7,"""193178430061142942",,"26,63",GIFTCARD,2GGVGCNWWM,Tự động,,Hoàn Tất
8592608,1784300135283IJON-1,G1,Rewarble - Gift Card,Rewarble Super Gift Card USA - 10 USD,1,1001777898,"12,9","0,64","12,26",,2PGRSG2ZEF,1,,,2026-07-17 21:55:40,2026-07-17 22:11:00,Gift Card,Hoàn Tất,Tự động,45DF6HJ8TBQQAJCG,"""193178430105421285",,"10,75",GIFTCARD,2PGRSG2ZEF,Tự động,,Hoàn Tất
8592690,1784305235362X3OX-1,G1,PSN - Gift card,PSN Gift Card 200 EUR - Germany,1,1003201696,"224,9","11,22","213,68",,2PGPNGYJP7,1,,anhnqv,2026-07-17 23:20:36,2026-07-18 22:52:06,Gift Card,Hoàn Tất,Tự động,PPLP-JRJM-R28E,"""211178438992323865",,"191,95",GIFTCARD,2PGPNGYJP7,Tự động,,Hoàn Tất
8592749,1784307527781NMKO-1,G1,Valorant,EU 3650 Valorant Points EU - 35 EUR,1,1002071026,"43,69","2,18","41,51",,2GGVGC7976,1,,qtvtrangdt1,2026-07-17 23:58:50,2026-07-18 08:38:22,Gift Card,Hoàn Tất,Tự động,RA-P5BV885QYCMRMKSV,"""203178433869823755",,"37,96",GIFTCARD,2GGVGC7976,Tự động,,Hoàn Tất
8593223,1784317893323EUG3-1,G1,Rewarble - Gift Card,Rewarble Super Gift Card USA - 20 USD,1,1003114624,25,"1,25","23,75",,2PGRSGZ41C,1,,,2026-07-18 02:51:35,2026-07-18 16:47:38,Gift Card,Hoàn Tất,Tự động,PSXJ1ILRUUHEYN31,"""211178436805048273",,"21,49",GIFTCARD,2PGRSGZ41C,Tự động,,Hoàn Tất
8593630,1784333068143QNCP-1,G1,Steam - Gift Card,Steam Wallet 50 USD Global,1,1000967118,58,"2,89","55,11",,2PGSWCA5KH,1,,,2026-07-18 07:04:29,2026-07-18 19:33:45,Gift Card,Hoàn Tất,Tự động,98NE6-74VO2-QQZA3---T0BVW-MC8ZF-WQ3TI,"""211178437801738737",,"50,12",GIFTCARD,2PGSWCA5KH,Tự động,,Hoàn Tất
8593673,1784338652634Z13D-1,G1,Valorant,EU 11000 Valorant Points EU - 100 EUR,2,7842599,"249,6","12,46","237,14",,2GGVGC7A9Y,1,,,2026-07-18 08:37:33,2026-07-18 10:36:18,Gift Card,Hoàn Tất,Tự động,RA-PFSDAYPBB94FMHFC,"""203178434577153719",,"102,64",GIFTCARD,2GGVGC7A9Y,Tự động,,Hoàn Tất
8593673,1784338652634Z13D-1,G1,Valorant,EU 11000 Valorant Points EU - 100 EUR,2,7842599,0,0,0,,2GGVGC7A9Y,1,,,2026-07-18 08:37:33,2026-07-18 10:36:18,Gift Card,Hoàn Tất,Tự động,RA-WYU4NSNN48HMBG4T,"""203178434577190338",,"102,64",GIFTCARD,2GGVGC7A9Y,Tự động,,Đã up code
8599291,1784342178365V240-1,G1,Amazon - Gift Card,Amazon Gift Card USD 100 (US),3,1001608020,"328,5","16,39","312,11",,2PGAGCOLJT,1,,qtvtrangdt1,2026-07-18 09:36:19,2026-07-18 10:00:35,Gift Card,Hoàn Tất,Tự động,MZQ2-GL9MFY-B2AF,"""203178434363085448",,"96,18",GIFTCARD,2PGAGCOLJT,Tự động,,Hoàn Tất
8599291,1784342178365V240-1,G1,Amazon - Gift Card,Amazon Gift Card USD 100 (US),3,1001608020,0,0,0,,2PGAGCOLJT,1,,qtvtrangdt1,2026-07-18 09:36:19,2026-07-18 10:00:35,Gift Card,Hoàn Tất,Tự động,WPHS-LWC7SD-2DAM,"""203178434363058565",,"96,18",GIFTCARD,2PGAGCOLJT,Tự động,,Đã up code
8599291,1784342178365V240-1,G1,Amazon - Gift Card,Amazon Gift Card USD 100 (US),3,1001608020,0,0,0,,2PGAGCOLJT,1,,qtvtrangdt1,2026-07-18 09:36:19,2026-07-18 10:00:35,Gift Card,Hoàn Tất,Tự động,94X5-GUW2CX-76AU,"""203178434363051216",,"96,18",GIFTCARD,2PGAGCOLJT,Tự động,,Đã up code
8605244,1784365113959IRCG-1,G1,Rewarble - Gift Card,Rewarble PayPal10 USD,1,1001587386,"12,5","0,62","11,88",,2PGRPG64S3,1,,anhnqv,2026-07-18 15:58:34,2026-07-18 16:33:13,Gift Card,Hoàn Tất,Tự động,56RET1LR61IHQSEN,"""211178436718522964",,"10,85",GIFTCARD,2PGRPG64S3,Tự động,,Hoàn Tất
8605408,1784372216828TLEI-1,G1,Valorant,EU 1000 Valorant Points EU - 10 EUR,1,1001178082,"12,4","0,75","11,65",,2GGVGC1AY7,1,,,2026-07-18 17:56:58,2026-07-18 18:30:04,Gift Card,Hoàn Tất,Tự động,RA-7VJRW3AWGC47DZNZ,"""211178437419951828",,"10,64",GIFTCARD,2GGVGC1AY7,Tự động,,Hoàn Tất
8605659,1784381050171HB55-1,G1,Rewarble - Gift Card,Rewarble PayPal - 25 GBP,1,1001785925,41,"2,48","38,52",,2PGRPGZGTO,1,,anhnqv,2026-07-18 20:24:11,2026-07-18 20:42:27,Gift Card,Hoàn Tất,Tự động,KKYBQWHT354QYCH5,"""211178438214118728",,"35,96",GIFTCARD,2PGRPGZGTO,Tự động,,Hoàn Tất
8611667,1784397297937T3WY-1,G1,Rewarble - Gift Card,Rewarble Super Gift Card USA - 200 USD,1,1001188548,247,"12,33","234,67",,2PGRSG6IRG,1,,,2026-07-19 00:54:58,2026-07-19 18:52:01,Gift Card,Hoàn Tất,Tự động,RRFASDXUKWL5RFDN,"""211178446191433005",,"214,82",GIFTCARD,2PGRSG6IRG,Tự động,,Hoàn Tất
8611787,1784398308114DCKU-1,G1,Valorant,EU 2575 Valorant Points EU - 25 EUR,1,1003860830,31,"1,55","29,45",,2GGVGCNWWM,1,,,2026-07-19 01:11:49,2026-07-19 08:25:43,Gift Card,Hoàn Tất,Tự động,RA-QRC7L7XU4PYFYDNX,"""193178442433995682",,"26,63",GIFTCARD,2GGVGCNWWM,Tự động,,Hoàn Tất
8611790,1784398512269I32W-1,G1,Amazon - Gift Card,Amazon Gift Card USD 20 (US),1,1004199156,"22,59","1,13","21,46",,2PGAGCQQNO,1,,qtvlinhmp,2026-07-19 01:15:13,2026-07-19 08:34:17,Gift Card,Hoàn Tất,Tự động,3PZP-J74F2K-JSAD,"""193178442484811731",,"19,24",GIFTCARD,2PGAGCQQNO,Tự động,,Hoàn Tất
8612067,1784400059166K9VY-1,G1,Rewarble - Gift Card,Rewarble Super Gift Card USA - 10 USD,1,1004199248,"12,9","0,64","12,26",,2PGRSG2ZEF,1,,anhnqv,2026-07-19 01:41:00,2026-07-19 22:33:26,Gift Card,Hoàn Tất,Tự động,9JKX8C8VR64SKI91,"""211178447519656781",,"10,75",GIFTCARD,2PGRSG2ZEF,Tự động,,Hoàn Tất
8612096,1784403407153GFZW-1,G1,Riot Points - Gift Card,Riot Points GC 20 Euro,1,1004076356,"26,9","1,34","25,56",,2GGRPGQTZG,1,,,2026-07-19 02:36:48,2026-07-19 09:01:47,Gift Card,Hoàn Tất,Tự động,EPAYKQEWQCE,"""193178442650339821",,"22,65",GIFTCARD,2GGRPGQTZG,Tự động,,Hoàn Tất
8612179,1784406379310YD26-1,G1,Amazon - Gift Card,Amazon Gift Card USD 5 (US),1,1004123667,"5,95","0,3","5,65",,2PGAGCJ7IP,1,,,2026-07-19 03:26:20,2026-07-19 08:51:46,Gift Card,Hoàn Tất,Tự động,MB4A-P6TDTC-59A7,"""193178442589740449",,"5,12",GIFTCARD,2PGAGCJ7IP,Tự động,,Hoàn Tất
8612341,1784414551986AW55-1,G1,Rewarble - Gift Card,Rewarble Gift Card USD 20 (Global),1,1003259306,25,"1,25","23,75",,2PGRGCJ67F,1,,,2026-07-19 05:42:32,2026-07-19 15:52:58,Gift Card,Hoàn Tất,Tự động,IWU9ATCLBSV1ZT24,"""185178445116893612",,"20,76",GIFTCARD,2PGRGCJ67F,Tự động,,Hoàn Tất
8618092,1784429377780WPDG-1,G1,Amazon - Gift Card,Amazon Gift Card USD 100 (US),1,1003387551,"109,5","5,46","104,04",,2PGAGCOLJT,1,,,2026-07-19 09:49:38,2026-07-19 10:23:37,Gift Card,Hoàn Tất,Tự động,HA8R-RV46ZL-3FAV,"""193178443140980606",,"96,18",GIFTCARD,2PGAGCOLJT,Tự động,,Hoàn Tất
8618131,1784431292231QOEK-1,G1,Rewarble - Gift Card,Rewarble Super Gift Card USA - 10 USD,1,1004196953,"12,9","0,64","12,26",,2PGRSG2ZEF,1,,qtvlinhmp,2026-07-19 10:21:33,2026-07-19 10:52:13,Gift Card,Hoàn Tất,Tự động,D2QV7VD6RKVAS3UI,"""193178443312543761",,"10,75",GIFTCARD,2PGRSG2ZEF,Tự động,,Hoàn Tất
8618295,1784440331302FQ2L-1,G1,Valorant,NA 2575 Valorant Points NA- 25 USD Card,1,1003861352,"27,01","1,35","25,66",,2GGVGCO9SR,1,,qtvanhltv,2026-07-19 12:52:13,2026-07-19 15:12:55,Gift Card,Hoàn Tất,Tự động,RA-ZTS8FB2V3ELHFFMG,"""185178444876978131",,"23,64",GIFTCARD,2GGVGCO9SR,Tự động,,Hoàn Tất
8618445,1784448869287O8SD-1,G1,Nintendo - Gift Card,Japan Nintendo eShop Gift Card 1000 Yen,1,3770724,"9,5","0,47","9,03",,2PGNGC3MKP,1,,,2026-07-19 15:14:30,2026-07-19 15:37:17,Gift Card,Hoàn Tất,Tự động,E1BSC9PR6SSX8K50,"""185178445022847660",,"7,89",GIFTCARD,2PGNGC3MKP,Tự động,,Hoàn Tất
8618701,1784462947789JO5F-1,G1,Riot Points - Gift Card,Riot Points GC 10 Euro,1,1003878610,"13,8","0,69","13,11",,2GGRPGGMK6,1,,anhnqv,2026-07-19 19:09:08,2026-07-19 19:54:47,Gift Card,Hoàn Tất,Tự động,RA-U9F9NA5L9ADREFPX,"""211178446568369050",,"11,32",GIFTCARD,2GGRPGGMK6,Tự động,,Hoàn Tất
8618702,1784463007630SQ2M-1,G1,Rewarble - Gift Card,Rewarble Super Gift Card USA - 500 USD,1,1001188548,619,"30,89","588,11",,2PGRSG1MN4,1,,,2026-07-19 19:10:08,2026-07-19 19:35:38,Gift Card,Hoàn Tất,Tự động,KXR6287134DFIAGJ,"""211178446453481044",,"537,03",GIFTCARD,2PGRSG1MN4,Tự động,,Hoàn Tất
8618734,1784464318021E745-1,G1,Valorant,EU 2575 Valorant Points EU - 25 EUR,1,1000922428,31,"1,94","29,06",,2GGVGCNWWM,1,,anhnqv,2026-07-19 19:31:58,2026-07-19 20:36:39,Gift Card,Hoàn Tất,Tự động,RA-BN2ZLRNSNP8QR8NE,"""211178446819128757",,"26,63",GIFTCARD,2GGVGCNWWM,Tự động,,Hoàn Tất
8618741,1784464719579KGNE-1,G1,Rewarble - Gift Card,Rewarble Super Gift Card USA - 500 USD,2,1001188548,1238,"61,78","1176,22",,2PGRSG1MN4,1,,anhnqv,2026-07-19 19:38:40,2026-07-19 20:40:38,Gift Card,Hoàn Tất,Tự động,VHMBFZLHXTM1YQ5H,"""211178446843160828",,"537,03",GIFTCARD,2PGRSG1MN4,Tự động,,Hoàn Tất
8618741,1784464719579KGNE-1,G1,Rewarble - Gift Card,Rewarble Super Gift Card USA - 500 USD,2,1001188548,0,0,0,,2PGRSG1MN4,1,,anhnqv,2026-07-19 19:38:40,2026-07-19 20:40:38,Gift Card,Hoàn Tất,Tự động,ZHY38NLTRF8D18LL,"""211178446843167092",,"537,03",GIFTCARD,2PGRSG1MN4,Tự động,,Đã up code
8618854,1784468908384CBZI-1,G1,Rewarble - Gift Card,Rewarble Super Gift Card USA - 500 USD,4,1001188548,2476,"123,55","2352,45",,2PGRSG1MN4,1,,,2026-07-19 20:48:29,2026-07-19 20:58:16,Gift Card,Hoàn Tất,Tự động,J8FTT15KGQ9433IX,"""211178446938257168",,"537,03",GIFTCARD,2PGRSG1MN4,Tự động,,Hoàn Tất
8618854,1784468908384CBZI-1,G1,Rewarble - Gift Card,Rewarble Super Gift Card USA - 500 USD,4,1001188548,0,0,0,,2PGRSG1MN4,1,,,2026-07-19 20:48:29,2026-07-19 20:58:16,Gift Card,Hoàn Tất,Tự động,W8N2LUU2FNPC8TL5,"""211178446938225473",,"537,03",GIFTCARD,2PGRSG1MN4,Tự động,,Đã up code
8618854,1784468908384CBZI-1,G1,Rewarble - Gift Card,Rewarble Super Gift Card USA - 500 USD,4,1001188548,0,0,0,,2PGRSG1MN4,1,,,2026-07-19 20:48:29,2026-07-19 20:58:16,Gift Card,Hoàn Tất,Tự động,L5WN1LM1LII59RIJ,"""211178446938246264",,"537,03",GIFTCARD,2PGRSG1MN4,Tự động,,Đã up code
8618854,1784468908384CBZI-1,G1,Rewarble - Gift Card,Rewarble Super Gift Card USA - 500 USD,4,1001188548,0,0,0,,2PGRSG1MN4,1,,,2026-07-19 20:48:29,2026-07-19 20:58:16,Gift Card,Hoàn Tất,Tự động,6MEDKN7YNZEL2E8C,"""211178446948922905",,"537,03",GIFTCARD,2PGRSG1MN4,Tự động,,Đã up code
8618887,1784470632634BO79-1,G1,Rewarble - Gift Card,Rewarble Super Gift Card USA - 500 USD,1,1000273621,619,"30,89","588,11",,2PGRSG1MN4,1,,,2026-07-19 21:17:13,2026-07-19 21:53:18,Gift Card,Hoàn Tất,Tự động,986TICV3KWSPCNBY,"""211178447279115361",,"537,03",GIFTCARD,2PGRSG1MN4,Tự động,,Hoàn Tất
8619178,1784480652915C5OU-1,G1,Rewarble - Gift Card,Rewarble Gift Cards USD 10 (Global),1,1002164736,"12,9","0,64","12,26",,2PGRGCQU4H,1,,qtvtrangdt1,2026-07-20 00:04:13,2026-07-20 10:15:45,Gift Card,Hoàn Tất,Tự động,W41GEWY5NP1J75DI,"""203178451734288419",,"10,38",GIFTCARD,2PGRGCQU4H,Tự động,,Hoàn Tất
8619199,1784482224283KUHU-1,G1,Rewarble - Gift Card,Rewarble Super Gift Card USA - 250 USD,1,1000273621,"308,6","15,4","293,2",,2PGRSG4N1K,1,,qtvtrangdt1,2026-07-20 00:30:25,2026-07-20 08:59:48,Gift Card,Hoàn Tất,Tự động,26MATVDLMRE4NSYE,"""203178451278232934",,"271,13",GIFTCARD,2PGRSG4N1K,Tự động,,Hoàn Tất
8619203,1784482459563V28T-1,G1,Rewarble - Gift Card,Rewarble Super Gift Card USA - 200 USD,1,1000273621,247,"12,33","234,67",,2PGRSG6IRG,1,,qtvtrangdt1,2026-07-20 00:34:20,2026-07-20 08:44:33,Gift Card,Hoàn Tất,Tự động,PXVCQU65U2CDG1KF,"""203178451186928232",,"214,82",GIFTCARD,2PGRSG6IRG,Tự động,,Hoàn Tất
8625089,1784490952311M95T-1,G1,LOL - League of Legends,Riot Points GC 10 Euro,1,1000776739,"13,6","0,82","12,78",,2GGRPGGMK6,1,,,2026-07-20 02:55:53,2026-07-20 08:42:01,Gift Card,Hoàn Tất,Tự động,RA-WXTVPJBRGVPJDZLR,"""203178451171479778",,"11,31",GIFTCARD,2GGRPGGMK6,Tự động,,Hoàn Tất
8625238,1784496996453UY8T-1,G1,Amazon - Gift Card,Amazon Gift Card 10 GBP United Kingdom,4,1001164574,64,"3,83","60,17",,2PGAGC95EA,1,,,2026-07-20 04:36:37,2026-07-20 09:25:14,Gift Card,Hoàn Tất,Tự động,HBG3-C4YD4G-DCB3,"""203178451430783551",,"11,65",GIFTCARD,2PGAGC95EA,Tự động,,Hoàn Tất
8625238,1784496996453UY8T-1,G1,Amazon - Gift Card,Amazon Gift Card 10 GBP United Kingdom,4,1001164574,0,0,0,,2PGAGC95EA,1,,,2026-07-20 04:36:37,2026-07-20 09:25:14,Gift Card,Hoàn Tất,Tự động,3RWD-N5CGAC-DUB3,"""203178451430766483",,"11,65",GIFTCARD,2PGAGC95EA,Tự động,,Đã up code
8625238,1784496996453UY8T-1,G1,Amazon - Gift Card,Amazon Gift Card 10 GBP United Kingdom,4,1001164574,0,0,0,,2PGAGC95EA,1,,,2026-07-20 04:36:37,2026-07-20 09:25:14,Gift Card,Hoàn Tất,Tự động,UQ6Y-GJ5Q67-JUBM,"""203178451430747327",,"11,95",GIFTCARD,2PGAGC95EA,Tự động,,Đã up code
8625238,1784496996453UY8T-1,G1,Amazon - Gift Card,Amazon Gift Card 10 GBP United Kingdom,4,1001164574,0,0,0,,2PGAGC95EA,1,,,2026-07-20 04:36:37,2026-07-20 09:25:14,Gift Card,Hoàn Tất,Tự động,H66Q-CG4SWC-22BL,"""203178451430739288",,"11,95",GIFTCARD,2PGAGC95EA,Tự động,,Đã up code
8633523,1784511696876TPRH-1,G1,Amazon - Gift Card,Amazon Gift Card USD 20 (US),1,1003024041,"22,59","1,13","21,46",,2PGAGCQQNO,1,,qtvtrangdt1,2026-07-20 08:41:38,2026-07-20 09:04:52,Gift Card,Hoàn Tất,Tự động,B8ZQ-W4LYTW-QFA8,"""203178451308667761",,"19,24",GIFTCARD,2PGAGCQQNO,Tự động,,Hoàn Tất
8635159,1784513665134D6JQ-1,G1,Amazon - Gift Card,Amazon Gift Card USD 25 (US),1,1003024041,"37,5","1,87","35,63",,2PGAGCTHQA,1,,qtvtrangdt1,2026-07-20 09:14:26,2026-07-20 09:36:52,Gift Card,Hoàn Tất,Tự động,CFXLCCB43LQEAD,"""203178451500341138",,"22,02",GIFTCARD,2PGAGCTHQA,Tự động,,Hoàn Tất
8635295,1784523548207VWGP-1,G1,Valorant,EU 2050 Valorant Points EU - 20 EUR,1,1002996614,31,"1,55","29,45",,2GGVGC9OVX,1,,,2026-07-20 11:59:09,2026-07-20 13:16:50,Gift Card,Hoàn Tất,Tự động,RA-Q7M7VGFLCP5BXHD6,"""203178452819860831",,"22,62",GIFTCARD,2GGVGC9OVX,Tự động,,Hoàn Tất
8635315,1784523846803FKU6-1,G1,Rewarble - Gift Card,Rewarble Super 20 GBP,1,1004193409,33,"1,65","31,35",,2PGRSG84TG,1,,,2026-07-20 12:04:07,2026-07-20 12:12:21,Gift Card,Hoàn Tất,Tự động,HSBNMNK16UYT2YNC,"""203178452433536292",,"28,8",GIFTCARD,2PGRSG84TG,Tự động,,Hoàn Tất
8635691,1784536329483N0BK-1,G1,Rewarble - Gift Card,Rewarble PayPal10 USD,1,1000181261,"12,5","0,78","11,72",,2PGRPG64S3,1,,,2026-07-20 15:32:10,2026-07-20 16:49:12,Gift Card,Hoàn Tất,Tự động,PZ9N4TPGRFEF2LXQ,"""193178454094547157",,"10,85",GIFTCARD,2PGRPG64S3,Tự động,,Hoàn Tất
8636005,1784539752236LII1-1,G1,Amazon - Gift Card,Amazon Gift Card USD 20 (US),1,1003024041,"22,59","1,13","21,46",,2PGAGCQQNO,1,,qtvlinhmp,2026-07-20 16:29:13,2026-07-20 17:34:46,Gift Card,Hoàn Tất,Tự động,SVGK-TQJ8KK-8LAY,"""193178454367558262",,"19,24",GIFTCARD,2PGAGCQQNO,Tự động,,Hoàn Tất
8636224,1784546070892Y8DT-1,G1,Rewarble - Gift Card,Rewarble Super 20 CAD,1,1003715303,"19,99",1,"18,99",,2PGRSG55YB,1,,qtvlinhmp,2026-07-20 18:14:31,2026-07-20 20:57:08,Gift Card,Hoàn Tất,Tự động,ELM9QZLYEYYHHX55,"""193178455582372005",,"15,23",GIFTCARD,2PGRSG55YB,Tự động,,Hoàn Tất
8636231,1784546282437LHHT-1,G1,Rewarble - Gift Card,Rewarble Super Gift Card USA - 250 USD,1,1000273621,"308,6","15,4","293,2",,2PGRSG4N1K,1,,qtvlinhmp,2026-07-20 18:18:03,2026-07-20 19:18:47,Gift Card,Hoàn Tất,Tự động,GY6ZKA93U9IIR3CN,"""193178454992271848",,"271,13",GIFTCARD,2PGRSG4N1K,Tự động,,Hoàn Tất
8636985,1784559239230SF6X-1,G1,Riot Points - Gift Card,Riot Points GC 10 Euro,1,4074974,"13,8","0,82","12,98",,2GGRPGGMK6,1,,qtvlinhmp,2026-07-20 21:54:00,2026-07-20 22:43:21,Gift Card,Hoàn Tất,Tự động,RA-PYG5X4C8T5WVD2SH,"""193178456219290505",,"11,32",GIFTCARD,2GGRPGGMK6,Tự động,,Hoàn Tất
8637285,1784563768911EJR7-1,G1,Rewarble - Gift Card,Rewarble Super Gift Card USA - 200 USD,1,1000273621,247,"12,33","234,67",,2PGRSG6IRG,1,,,2026-07-20 23:09:29,2026-07-20 23:37:05,Gift Card,Hoàn Tất,Tự động,3JUVVL216TKN3G3A,"""193178456542171320",,"214,82",GIFTCARD,2PGRSG6IRG,Tự động,,Hoàn Tất
8637288,1784563822106X0YX-1,G1,Riot Points - Gift Card,Riot Points GC 20 Euro,1,4074974,"26,9","1,6","25,3",,2GGRPGQTZG,1,,,2026-07-20 23:10:27,2026-07-20 23:40:13,Gift Card,Hoàn Tất,Tự động,RA-6HT8E7D3ZG2JCSMJ,"""193178456560955911",,"22,59",GIFTCARD,2GGRPGQTZG,Tự động,,Hoàn Tất
8637571,1784572373915HNTS-1,G1,Steam - Gift Card,Steam Wallet 10 USD Global,1,57511,"23,35","1,17","22,18",,2PGSWCSZ6C,1,,qtvtrangdt1,2026-07-21 01:32:59,2026-07-21 13:14:04,Gift Card,Hoàn Tất,Tự động,NQI48-WHDQW-KFP75,"""203178461443512984",,"10,01",GIFTCARD,2PGSWCSZ6C,Tự động,,Hoàn Tất
8637954,1784591946014ILBY-1,G1,Steam - Gift Card,US Steam Wallet 20 USD,1,1001089942,"23,35","1,17","22,18",,2PGSWCGJLA,1,,,2026-07-21 06:59:06,2026-07-22 00:05:50,Gift Card,Hoàn Tất,Tự động,VK6PR-K2F5Z-YMQ57,"""193178465354225398",,"20,07",GIFTCARD,2PGSWCGJLA,Tự động,,Hoàn Tất
8656925,1784661447124TVT5-1,G1,Amazon - Gift Card,Amazon Gift Card USD 5 (US),1,1004208089,"5,95","0,3","5,65",,2PGAGCJ7IP,1,,anhnqv,2026-07-22 02:17:28,2026-07-22 09:26:27,Gift Card,Hoàn Tất,Tự động,UXJH-C8B3PF-KHA4,"""211178468718162394",,"5,12",GIFTCARD,2PGAGCJ7IP,Tự động,,Hoàn Tất
8656932,1784661880296RWA2-1,G1,Rewarble - Gift Card,Rewarble PayPal10 USD,1,1000734597,"12,5","0,75","11,75",,2PGRPG64S3,1,,,2026-07-22 02:24:41,2026-07-22 09:35:54,Gift Card,Hoàn Tất,Tự động,-MNAJ5Q6EGXFD5A96,"""211178468660380701",,"10,85",GIFTCARD,2PGRPG64S3,Tự động,,Hoàn Tất
8657216,1784673812861RDJP-1,G1,Rewarble - Gift Card,Rewarble Super Gift Card EU - 15 EUR,1,1003715303,"21,7","1,08","20,62",,2PGRSGR92B,1,,,2026-07-22 05:43:33,2026-07-22 09:36:26,Gift Card,Hoàn Tất,Tự động,3Z4ERD2NGZJZ3J58,"""211178468778254532",,"18,38",GIFTCARD,2PGRSGR92B,Tự động,,Hoàn Tất
8659386,1784688174793LSKG-1,G1,Rewarble - Gift Card,Rewarble Super 100 CAD,7,1002551937,665,"33,18","631,82",,2PGRSGPZ5G,1,,anhnqv,2026-07-22 09:42:55,2026-07-22 09:54:46,Gift Card,Hoàn Tất,Tự động,VSZEI2QDWMTCQF9S,"""211178468887687634",,"75,78",GIFTCARD,2PGRSGPZ5G,Tự động,,Hoàn Tất
8659386,1784688174793LSKG-1,G1,Rewarble - Gift Card,Rewarble Super 100 CAD,7,1002551937,0,0,0,,2PGRSGPZ5G,1,,anhnqv,2026-07-22 09:42:55,2026-07-22 09:54:46,Gift Card,Hoàn Tất,Tự động,8K9L5KCPPUJVKJ5B,"""211178468887615862",,"75,78",GIFTCARD,2PGRSGPZ5G,Tự động,,Đã up code
8659386,1784688174793LSKG-1,G1,Rewarble - Gift Card,Rewarble Super 100 CAD,7,1002551937,0,0,0,,2PGRSGPZ5G,1,,anhnqv,2026-07-22 09:42:55,2026-07-22 09:54:46,Gift Card,Hoàn Tất,Tự động,LJHTYU2PNM5HJDVM,"""211178468887642515",,"75,78",GIFTCARD,2PGRSGPZ5G,Tự động,,Đã up code
8659386,1784688174793LSKG-1,G1,Rewarble - Gift Card,Rewarble Super 100 CAD,7,1002551937,0,0,0,,2PGRSGPZ5G,1,,anhnqv,2026-07-22 09:42:55,2026-07-22 09:54:46,Gift Card,Hoàn Tất,Tự động,JL5AIBDSHMLQPNS2,"""211178468887647326",,"75,78",GIFTCARD,2PGRSGPZ5G,Tự động,,Đã up code
8659386,1784688174793LSKG-1,G1,Rewarble - Gift Card,Rewarble Super 100 CAD,7,1002551937,0,0,0,,2PGRSGPZ5G,1,,anhnqv,2026-07-22 09:42:55,2026-07-22 09:54:46,Gift Card,Hoàn Tất,Tự động,UXPJ2GHSHCPBTVHQ,"""211178468887615755",,"75,78",GIFTCARD,2PGRSGPZ5G,Tự động,,Đã up code
8659386,1784688174793LSKG-1,G1,Rewarble - Gift Card,Rewarble Super 100 CAD,7,1002551937,0,0,0,,2PGRSGPZ5G,1,,anhnqv,2026-07-22 09:42:55,2026-07-22 09:54:46,Gift Card,Hoàn Tất,Tự động,ZCQFB193L7SY9VE7,"""211178468887624292",,"75,78",GIFTCARD,2PGRSGPZ5G,Tự động,,Đã up code
8659386,1784688174793LSKG-1,G1,Rewarble - Gift Card,Rewarble Super 100 CAD,7,1002551937,0,0,0,,2PGRSGPZ5G,1,,anhnqv,2026-07-22 09:42:55,2026-07-22 09:54:46,Gift Card,Hoàn Tất,Tự động,DFKIR8Q7NWHA7JJK,"""211178468887610971",,"75,78",GIFTCARD,2PGRSGPZ5G,Tự động,,Đã up code
8661729,1784703439651ELZJ-1,G1,Riot Points - Gift Card,Riot Points GC 20 Euro,1,1001675118,"26,9","1,62","25,28",,2GGRPGQTZG,1,,anhnqv,2026-07-22 13:57:20,2026-07-22 14:20:18,Gift Card,Hoàn Tất,Tự động,RA-ZTPUUD6CXEZG5WXR,"""211178470481175376",,"22,58",GIFTCARD,2GGRPGQTZG,Tự động,,Hoàn Tất
8663642,1784745335284I3AS-1,G1,LOL - League of Legends,Riot Points GC 10 Euro,1,1003476289,"13,49","0,67","12,82",,2GGRPGGMK6,1,,,2026-07-23 01:35:36,2026-07-23 09:36:39,Gift Card,Hoàn Tất,Tự động,RA-SK7XXKSX23X83FQ2,"""203178477419181256",,"11,29",GIFTCARD,2GGRPGGMK6,Tự động,,Hoàn Tất
8665021,1784794242084NA2F-1,G1,Steam - Gift Card,Steam Wallet 10 USD Global,1,8010488,"23,35","1,17","22,18",,2PGSWCSZ6C,1,,,2026-07-23 15:10:43,2026-07-23 15:31:15,Gift Card,Hoàn Tất,Tự động,3LKKD-K7A3V-KH43T,"""203178479546538998",,"10,01",GIFTCARD,2PGSWCSZ6C,Tự động,,Hoàn Tất
8665985,1784815902887CDWI-1,G1,Valorant,EU 3650 Valorant Points EU - 35 EUR,1,8402784,"46,7","2,82","43,88",,2GGVGC7976,1,,,2026-07-23 21:11:43,2026-07-23 21:40:23,Gift Card,Hoàn Tất,Tự động,RA-FK87WTZCDMP9232N,"""193178481761948288",,"36,29",GIFTCARD,2GGVGC7976,Tự động,,Hoàn Tất
8708965,1785193895346F7UA-1,G1,Valorant,NA 2575 Valorant Points NA- 25 USD Card,1,8203434,"27,01","1,62","25,39",,2GGVGCO9SR,1,,qtvlinhmp,2026-07-28 06:11:36,2026-07-28 09:32:57,Gift Card,Hoàn Tất,Tự động,RA-PDLKQP3XBESHWRTH,"""193178520597456493",,"23,04",GIFTCARD,2GGVGCO9SR,Tự động,,Hoàn Tất
8734562,1785434701566UQ4L-1,G1,Rewarble - Gift Card,Rewarble Super Gift Card EU - 1 EUR,1,1000906977,"7,99","0,4","7,59",,,1,,anhnqv,2026-07-31 01:05:02,2026-07-31 09:28:37,Gift Card,Hoàn Tất,Tự động,SCJ16QWRAMHDRFIZ,"""211178546490682369",,"1,24",GIFTCARD,,Tự động,,Hoàn Tất
8734681,1785438306345GEOH-1,G1,LOL - League of Legends,Riot Points GC 10 Euro,1,5985054,"13,49","0,8","12,69",,2GGRPGGMK6,1,,,2026-07-31 02:05:07,2026-07-31 08:54:55,Gift Card,Hoàn Tất,Tự động,RA-B5HT9KT3LLVBQEJ7,"""211178546288984894",,"11,41",GIFTCARD,2GGRPGGMK6,Tự động,,Hoàn Tất
8734908,1785448402055RS4B-1,G1,LOL - League of Legends,Riot Points GC 20 Euro,1,1000977982,"26,9","1,34","25,56",,2GGRPGQTZG,1,,anhnqv,2026-07-31 04:53:22,2026-07-31 09:10:21,Gift Card,Hoàn Tất,Tự động,RA-9PDJCTUFGPSK73GW,"""211178546381380672",,"22,81",GIFTCARD,2GGRPGQTZG,Tự động,,Hoàn Tất
8735414,1785469474782Z4GQ-1,G1,Steam - Gift Card,Steam Wallet Code 25 USD (Global),1,681572,30,"1,5","28,5",,2PGSWCP0V1,1,,qtvtrangdt1,2026-07-31 10:44:37,2026-07-31 10:54:26,Gift Card,Hoàn Tất,Tự động,PA6XG-HMNOZ-D47KF--TH8BL-B7Z2N-TA5HL,"""203178547005958848",,"25,3",GIFTCARD,2PGSWCP0V1,Tự động,,Hoàn Tất
8741448,1785473404506HFCW-1,G1,Steam - Gift Card,Steam Wallet Code 25 USD (Global),1,681572,30,"1,5","28,5",,2PGSWCP0V1,1,,qtvtrangdt1,2026-07-31 11:50:05,2026-07-31 12:02:32,Gift Card,Hoàn Tất,Tự động,2X6Z9-FCQ8W-YVLR7--VRP2N-6TXBG-XYD7N,"""203178547414328394",,"25,3",GIFTCARD,2PGSWCP0V1,Tự động,,Hoàn Tất
8741674,1785481085522Q6OI-1,G1,Steam - Gift Card,Steam Wallet 10 USD Global,1,1001544803,"23,35","1,17","22,18",,2PGSWCSZ6C,1,,,2026-07-31 13:58:06,2026-07-31 14:33:38,Gift Card,Hoàn Tất,Tự động,RXY7H-NCFMY-MVK5L,"""203178548321156128",,"10,02",GIFTCARD,2PGSWCSZ6C,Tự động,,Hoàn Tất
8734901,1785447689526PU5Y-1,G1,Valorant,EU 2575 Valorant Points EU - 25 EUR,1,1001507377,"33,8","2,03","31,77",,2GGVGCNWWM,1,,,2026-07-31 04:41:30,2026-07-31 09:03:35,Gift Card,Hoàn Tất,Tự động,RA-ZA36EC5EDB93C6L7,"""211178546341151793",,"25,32",GIFTCARD,2GGVGCNWWM,Tự động,,Hoàn Tất
8734355,1785430603942FJPP-1,G1,LOL - League of Legends,Riot Pin Gift Card Europe 35 EUR,1,5754990,46,"2,74","43,26",,2GGRPGIA5O,1,,qtvtrangdt1,2026-07-30 23:56:45,2026-07-31 09:14:45,Gift Card,Hoàn Tất,Tự động,RA-PNYP7L7VKXN9Z2TR,"""203178546407422030",,"39,93",GIFTCARD,2GGRPGIA5O,Tự động,,Hoàn Tất
8675414,1784914348876BVYZ-1,G1,Mastercard,Mastercard Gift Card USA - 25 USD,1,1002297474,31,"1,55","29,45",,2PGMGCVN6Q,1,,anhnqv,2026-07-25 00:32:29,2026-07-25 09:03:27,Gift Card,Hoàn Tất,Tự động,https://redeem.yourdigitalreward.com/activate-code/f8b945118fd3f1ddd726dc7c987f0e28186ba325,"""211178494500360595",,"26,03",GIFTCARD,2PGMGCVN6Q,Tự động,,Hoàn Tất
8675692,1784922889015X59B-1,G1,Rewarble - Gift Card,Rewarble Gift Card USD 20 (Global),1,1003936619,"49,7","2,48","47,22",,2PGRGCJ67F,1,,,2026-07-25 02:54:50,2026-07-25 10:48:23,Gift Card,Hoàn Tất,Tự động,BQT92PX5GLIWZ2AA,"""211178495129784168",,"20,76",GIFTCARD,2PGRGCJ67F,Tự động,,Hoàn Tất
8675773,1784924737902CQW5-1,G1,Amazon - Gift Card,Amazon Gift Card USD 5 (US),1,1004222316,"5,95","0,3","5,65",,2PGAGCJ7IP,1,,anhnqv,2026-07-25 03:25:39,2026-07-25 09:01:26,Gift Card,Hoàn Tất,Tự động,N7FZ-G8JPWP-Z7AB,"""211178494487747402",,"4,45",GIFTCARD,2PGAGCJ7IP,Tự động,,Hoàn Tất
8675810,1784925307379DGJC-1,G1,Amazon - Gift Card,Amazon Gift Card USD 5 (US),1,1004222316,"5,95","0,3","5,65",,2PGAGCJ7IP,1,,anhnqv,2026-07-25 03:35:08,2026-07-25 09:02:32,Gift Card,Hoàn Tất,Tự động,ZXWWHB5ZA92BAT,"""211178494494425459",,"4,45",GIFTCARD,2PGAGCJ7IP,Tự động,,Hoàn Tất
8675902,1784931051539N8JM-1,G1,Rewarble - Gift Card,Rewarble Gift Card USD 20 (Global),1,1001576385,25,"1,25","23,75",,2PGRGCJ67F,1,,,2026-07-25 05:10:52,2026-07-25 09:45:24,Gift Card,Hoàn Tất,Tự động,U98V3R6AN8DMEFF5,"""211178494751573766",,"20,76",GIFTCARD,2PGRGCJ67F,Tự động,,Hoàn Tất
8687203,1785052745546FZOT-1,G1,Steam - Gift Card,Steam Wallet 10 USD Global,1,1004227552,"23,35","1,17","22,18",,2PGSWCSZ6C,1,,anhnqv,2026-07-26 14:59:06,2026-07-26 15:15:00,Gift Card,Hoàn Tất,Tự động,25J8C-VYFVE-IR2ER,"""211178505369111344",,"10,01",GIFTCARD,2PGSWCSZ6C,Tự động,,Hoàn Tất
8701429,1785142883011SBR1-1,G1,Amazon - Gift Card,Amazon Gift Card USD 40 (US),1,1004216556,"43,99","2,2","41,79",,2PGAGCADIC,1,,,2026-07-27 16:01:24,2026-07-28 09:31:20,Gift Card,Hoàn Tất,Tự động,3TFX-9BA4VG-R5A7,"""193178520587639173",,"38,48",GIFTCARD,2PGAGCADIC,Tự động,,Hoàn Tất
8734243,1785412621361ZGFX-1,G1,Valorant - Gift Card,Valorant Points GBP 35 (UK),2,1000417457,"99,2","5,94","93,26",,,1,,,2026-07-30 22:51:40,2026-07-31 21:12:18,Gift Card,Hoàn Tất,Tự động,,,,,,,Thủ công,,
8734804,1785442702687Y4QY-1,G1,Amazon - Gift Card,Amazon Gift Card USD 25 (US),1,1003176756,"27,26","1,36","25,9",,2PGAGCTHQA,1,,qtvlinhmp,2026-07-31 03:18:23,2026-07-31 21:57:13,Gift Card,Hoàn Tất,Tự động,R3XP-HFYHCT-KRAW,"""193178550982476107",,"23,8",GIFTCARD,2PGAGCTHQA,Tự động,,Hoàn Tất
8748431,1785503091129OMKL-1,G1,Steam - Gift Card,Steam Wallet 50 USD Global,1,1000985555,58,"2,89","55,11",,2PGSWCA5KH,1,,,2026-07-31 20:04:52,2026-07-31 20:42:22,Gift Card,Hoàn Tất,Tự động,WH042-RDN54-QJ7C8--IB7ZW-DN93E-ANE0A--BBFQQ-E52ZC-DEXPR--BHNH4-YLVC0-0RZCR,"""193178550533637365",,"50,12",GIFTCARD,2PGSWCA5KH,Tự động,,Đã up code
8748581,1785505539243BZB0-1,G1,Valorant,EU 2575 Valorant Points EU - 25 EUR,1,1002908203,"33,8","2,04","31,76",,2GGVGCNWWM,1,,,2026-07-31 20:45:40,2026-07-31 21:37:13,Gift Card,Hoàn Tất,Tự động,RA-PSMHBUZ6L96R3RAV,"""193178550862833456",,"25,32",GIFTCARD,2GGVGCNWWM,Tự động,,Hoàn Tất
8748701,1785506687168WP2U-1,G1,Valorant,Turkey 8900 Valorant Points TRY - 2450 TL,1,1004046543,"58,6","3,5","55,1",,2GGVGC7KFU,1,,,2026-07-31 21:04:48,2026-07-31 21:18:02,Gift Card,Hoàn Tất,Tự động,RA-JXWDW8Z7L8YVBN33,"""193178550747176070",,"50,28",GIFTCARD,2GGVGC7KFU,Tự động,,Hoàn Tất
8748818,1785511298147IIDO-1,G1,Valorant,EU 2575 Valorant Points EU - 25 EUR,1,3709637,"33,8","1,69","32,11",,2GGVGCNWWM,1,,,2026-07-31 22:21:39,2026-07-31 22:41:08,Gift Card,Hoàn Tất,Tự động,RA-TTD8NDMTUHS2NV4K,"""193178551246123813",,"25,32",GIFTCARD,2GGVGCNWWM,Tự động,,Đã up code